Transaction ID,Customer ID,Timestamp Purchase
TXN_0001,CUST_0959,2023-07-26 23:36:13
TXN_0002,CUST_0871,2023-09-05 08:24:07
TXN_0003,CUST_0998,2024-07-28 15:01:06
TXN_0004,CUST_0799,2022-10-22 02:43:40
TXN_0005,CUST_0642,2023-01-17 19:09:29
TXN_0006,CUST_0984,2023-12-29 05:36:34
TXN_0007,CUST_0296,2023-09-03 15:32:22
TXN_0008,CUST_0166,2024-06-23 17:39:01
TXN_0009,CUST_0911,2024-04-19 14:35:44
TXN_0010,CUST_0283,2023-03-31 14:34:59
TXN_0011,CUST_0720,2022-11-27 01:06:53
TXN_0012,CUST_0878,2023-05-23 00:36:37
TXN_0013,CUST_0052,2022-08-07 13:42:18
TXN_0014,CUST_0925,2023-06-15 23:51:01
TXN_0015,CUST_0274,2023-12-31 10:34:20
TXN_0016,CUST_0631,2024-08-20 01:50:45
TXN_0017,CUST_0707,2023-10-21 22:58:07
TXN_0018,CUST_0813,2022-08-19 18:47:35
TXN_0019,CUST_0739,2024-04-17 05:09:02
TXN_0020,CUST_0302,2024-02-05 17:49:03
TXN_0021,CUST_0945,2022-08-17 20:05:52
TXN_0022,CUST_0065,2024-04-27 09:12:59
TXN_0023,CUST_0929,2023-11-03 01:52:17
TXN_0024,CUST_0099,2024-04-13 19:20:40
TXN_0025,CUST_0041,2022-09-10 16:24:44
TXN_0026,CUST_0604,2023-10-10 02:35:19
TXN_0027,CUST_0991,2023-05-11 08:39:36
TXN_0028,CUST_0831,2023-11-05 06:21:35
TXN_0029,CUST_0239,2024-06-26 20:37:29
TXN_0030,CUST_0063,2024-03-02 23:13:09
TXN_0031,CUST_0562,2023-11-05 22:03:31
TXN_0032,CUST_0157,2023-12-10 22:26:39
TXN_0033,CUST_0448,2024-03-02 21:57:49
TXN_0034,CUST_0925,2024-05-19 08:51:55
TXN_0035,CUST_0261,2022-11-27 21:40:38
TXN_0036,CUST_0477,2024-06-08 05:56:15
TXN_0037,CUST_0656,2024-08-22 12:29:41
TXN_0038,CUST_0824,2023-06-10 04:05:57
TXN_0039,CUST_0834,2024-09-16 11:49:44
TXN_0040,CUST_0139,2024-01-11 21:02:42
TXN_0041,CUST_0510,2023-09-01 03:11:02
TXN_0042,CUST_0420,2023-10-08 19:10:22
TXN_0043,CUST_0804,2024-07-27 05:02:26
TXN_0044,CUST_0952,2024-09-28 04:35:11
TXN_0045,CUST_0873,2023-04-16 17:59:30
TXN_0046,CUST_0042,2024-09-08 06:06:51
TXN_0047,CUST_0679,2023-08-27 19:48:46
TXN_0048,CUST_0771,2023-06-08 07:31:28
TXN_0049,CUST_0005,2024-05-07 08:03:29
TXN_0050,CUST_0300,2023-01-06 01:14:41
TXN_0051,CUST_0551,2023-08-23 09:47:34
TXN_0052,CUST_0058,2024-01-01 21:44:42
TXN_0053,CUST_0523,2023-06-14 10:40:33
TXN_0054,CUST_0703,2023-11-11 23:19:42
TXN_0055,CUST_0198,2024-05-31 15:08:53
TXN_0056,CUST_0461,2022-10-08 18:33:42
TXN_0057,CUST_0161,2023-03-09 16:46:18
TXN_0058,CUST_0680,2023-12-04 23:02:36
TXN_0059,CUST_0898,2024-05-21 11:10:15
TXN_0060,CUST_0779,2023-12-08 09:41:36
TXN_0061,CUST_0518,2023-03-29 17:32:31
TXN_0062,CUST_0280,2022-10-27 13:32:32
TXN_0063,CUST_0933,2024-06-06 23:33:26
TXN_0064,CUST_0346,2022-11-10 05:34:50
TXN_0065,CUST_0574,2022-09-12 06:14:19
TXN_0066,CUST_0972,2024-02-26 05:43:37
TXN_0067,CUST_0497,2024-07-27 00:56:19
TXN_0068,CUST_0358,2023-02-28 18:58:37
TXN_0069,CUST_0763,2023-12-09 20:46:54
TXN_0070,CUST_0054,2024-04-08 07:32:26
TXN_0071,CUST_0906,2023-09-14 13:49:40
TXN_0072,CUST_0269,2023-02-03 06:04:39
TXN_0073,CUST_0817,2024-06-25 23:48:03
TXN_0074,CUST_0036,2022-08-19 09:03:07
TXN_0075,CUST_0011,2023-09-04 23:47:00
TXN_0076,CUST_0558,2023-02-20 14:47:47
TXN_0077,CUST_0941,2023-06-23 09:25:49
TXN_0078,CUST_0667,2023-06-29 13:59:30
TXN_0079,CUST_0945,2024-04-01 15:40:26
TXN_0080,CUST_0196,2023-02-05 07:54:21
TXN_0081,CUST_0600,2023-08-30 19:48:16
TXN_0082,CUST_0518,2024-06-26 00:33:33
TXN_0083,CUST_0534,2023-11-22 07:07:31
TXN_0084,CUST_0725,2022-12-13 08:26:22
TXN_0085,CUST_0613,2023-02-06 18:07:25
TXN_0086,CUST_0089,2023-03-01 11:24:14
TXN_0087,CUST_0692,2024-05-30 03:19:33
TXN_0088,CUST_0919,2023-09-01 19:07:48
TXN_0089,CUST_0384,2023-10-16 20:31:05
TXN_0090,CUST_0525,2022-11-22 13:22:36
TXN_0091,CUST_0113,2022-11-01 13:20:22
TXN_0092,CUST_0289,2023-10-24 18:00:48
TXN_0093,CUST_0978,2023-02-13 07:14:50
TXN_0094,CUST_0059,2023-06-25 05:39:49
TXN_0095,CUST_0040,2024-05-30 16:12:01
TXN_0096,CUST_0592,2024-08-25 12:24:09
TXN_0097,CUST_0208,2023-09-05 16:31:01
TXN_0098,CUST_0124,2023-02-24 17:26:34
TXN_0099,CUST_0707,2024-03-11 07:44:23
TXN_0100,CUST_0117,2024-09-27 22:41:37
TXN_0101,CUST_0120,2024-03-11 18:04:38
TXN_0102,CUST_0106,2024-03-28 22:57:37
TXN_0103,CUST_0393,2024-06-18 02:48:15
TXN_0104,CUST_0477,2023-10-27 15:35:21
TXN_0105,CUST_0452,2024-08-30 07:05:19
TXN_0106,CUST_0175,2023-03-24 18:42:00
TXN_0107,CUST_0232,2023-09-13 04:39:36
TXN_0108,CUST_0959,2023-04-06 14:15:57
TXN_0109,CUST_0296,2023-09-23 03:26:55
TXN_0110,CUST_0215,2022-08-09 14:13:20
TXN_0111,CUST_0347,2022-12-22 03:22:35
TXN_0112,CUST_0384,2023-09-23 06:06:45
TXN_0113,CUST_0827,2024-03-15 13:38:59
TXN_0114,CUST_0203,2024-10-02 23:33:23
TXN_0115,CUST_0380,2023-11-05 13:23:14
TXN_0116,CUST_0487,2023-10-17 07:50:29
TXN_0117,CUST_0800,2023-10-15 11:36:08
TXN_0118,CUST_0841,2022-09-10 20:12:36
TXN_0119,CUST_0754,2022-11-07 01:59:53
TXN_0120,CUST_0660,2023-06-22 10:26:30
TXN_0121,CUST_0277,2023-01-25 00:19:28
TXN_0122,CUST_0990,2022-12-11 06:43:39
TXN_0123,CUST_0325,2022-09-08 02:31:21
TXN_0124,CUST_0009,2022-08-14 22:47:12
TXN_0125,CUST_0360,2024-05-15 09:18:33
TXN_0126,CUST_0969,2024-03-25 04:50:28
TXN_0127,CUST_0619,2023-05-21 23:36:18
TXN_0128,CUST_0217,2023-02-10 11:03:36
TXN_0129,CUST_0314,2023-11-10 01:39:24
TXN_0130,CUST_0988,2024-05-03 10:47:26
TXN_0131,CUST_0427,2024-06-30 23:05:57
TXN_0132,CUST_0914,2023-01-07 16:05:21
TXN_0133,CUST_0021,2024-08-14 16:07:12
TXN_0134,CUST_0216,2022-10-19 06:23:54
TXN_0135,CUST_0673,2023-11-02 09:43:45
TXN_0136,CUST_0770,2023-05-31 03:45:26
TXN_0137,CUST_0438,2023-03-17 17:34:29
TXN_0138,CUST_0425,2024-01-18 15:08:47
TXN_0139,CUST_0591,2024-07-15 00:42:03
TXN_0140,CUST_0686,2023-07-13 06:15:44
TXN_0141,CUST_0435,2023-06-24 17:59:20
TXN_0142,CUST_0250,2023-09-30 02:05:07
TXN_0143,CUST_0812,2024-01-21 05:46:12
TXN_0144,CUST_0108,2022-11-21 05:07:20
TXN_0145,CUST_0695,2023-10-25 06:52:42
TXN_0146,CUST_0849,2022-09-21 16:44:17
TXN_0147,CUST_0339,2024-04-08 07:27:17
TXN_0148,CUST_0636,2023-07-19 10:25:41
TXN_0149,CUST_0842,2023-03-22 23:10:57
TXN_0150,CUST_0645,2022-11-16 00:51:07
TXN_0151,CUST_0405,2024-04-10 12:14:50
TXN_0152,CUST_0008,2023-05-11 10:38:44
TXN_0153,CUST_0254,2023-07-19 14:08:47
TXN_0154,CUST_0318,2024-02-05 04:49:58
TXN_0155,CUST_0137,2023-09-13 10:01:09
TXN_0156,CUST_0868,2024-05-10 16:35:48
TXN_0157,CUST_0167,2022-10-31 06:23:46
TXN_0158,CUST_0521,2023-11-16 21:26:00
TXN_0159,CUST_0594,2023-07-30 16:17:19
TXN_0160,CUST_0675,2023-11-20 10:50:47
TXN_0161,CUST_0627,2024-02-06 03:51:32
TXN_0162,CUST_0047,2022-10-26 02:15:16
TXN_0163,CUST_0684,2024-09-03 03:10:39
TXN_0164,CUST_0549,2022-10-26 03:07:07
TXN_0165,CUST_0945,2024-05-03 20:57:52
TXN_0166,CUST_0160,2023-06-14 07:20:50
TXN_0167,CUST_0894,2024-09-05 03:47:29
TXN_0168,CUST_0656,2023-10-30 23:47:45
TXN_0169,CUST_0553,2024-10-04 13:42:32
TXN_0170,CUST_0509,2024-04-13 18:20:21
TXN_0171,CUST_0127,2024-08-28 12:31:11
TXN_0172,CUST_0207,2024-04-23 00:32:56
TXN_0173,CUST_0309,2024-06-05 12:33:23
TXN_0174,CUST_0459,2023-12-01 15:00:07
TXN_0175,CUST_0769,2024-02-16 08:23:47
TXN_0176,CUST_0124,2024-03-20 11:09:45
TXN_0177,CUST_0467,2024-06-01 04:18:50
TXN_0178,CUST_0944,2022-08-04 02:52:21
TXN_0179,CUST_0970,2023-12-07 08:01:00
TXN_0180,CUST_0323,2023-10-29 23:58:51
TXN_0181,CUST_0110,2023-06-28 22:02:46
TXN_0182,CUST_0976,2023-06-22 01:47:22
TXN_0183,CUST_0193,2023-03-16 12:23:29
TXN_0184,CUST_0552,2023-07-31 19:04:38
TXN_0185,CUST_0517,2024-08-12 13:00:22
TXN_0186,CUST_0197,2023-04-17 10:42:39
TXN_0187,CUST_0884,2024-01-09 00:41:36
TXN_0188,CUST_0690,2024-08-09 08:39:33
TXN_0189,CUST_0907,2024-05-13 04:39:35
TXN_0190,CUST_0928,2023-02-23 08:57:27
TXN_0191,CUST_0477,2024-03-31 04:47:43
TXN_0192,CUST_0482,2023-05-08 00:05:46
TXN_0193,CUST_0611,2024-09-02 01:31:46
TXN_0194,CUST_0315,2024-01-28 22:59:33
TXN_0195,CUST_0215,2022-09-10 10:14:45
TXN_0196,CUST_0318,2022-09-25 12:26:35
TXN_0197,CUST_0950,2023-07-13 12:08:27
TXN_0198,CUST_0698,2024-08-20 20:37:13
TXN_0199,CUST_0659,2023-04-29 14:06:29
TXN_0200,CUST_0644,2023-10-30 09:22:55
TXN_0201,CUST_0853,2023-04-12 17:44:44
TXN_0202,CUST_0802,2022-09-26 00:03:44
TXN_0203,CUST_0016,2023-05-10 11:28:27
TXN_0204,CUST_0310,2023-06-12 06:20:04
TXN_0205,CUST_0780,2024-04-06 12:07:26
TXN_0206,CUST_0168,2023-08-27 02:30:24
TXN_0207,CUST_0274,2024-02-26 00:54:33
TXN_0208,CUST_0918,2022-10-21 21:08:35
TXN_0209,CUST_0285,2023-04-14 14:29:59
TXN_0210,CUST_0166,2023-12-10 06:43:44
TXN_0211,CUST_0083,2023-07-11 22:03:03
TXN_0212,CUST_0900,2022-10-18 11:42:20
TXN_0213,CUST_0057,2023-03-24 13:59:06
TXN_0214,CUST_0306,2024-05-01 03:04:02
TXN_0215,CUST_0936,2023-04-04 15:51:46
TXN_0216,CUST_0858,2024-03-09 15:23:39
TXN_0217,CUST_0557,2023-08-04 14:57:38
TXN_0218,CUST_0181,2024-05-09 16:40:22
TXN_0219,CUST_0507,2024-08-07 18:13:02
TXN_0220,CUST_0638,2024-07-23 09:47:27
TXN_0221,CUST_0902,2024-09-18 11:58:53
TXN_0222,CUST_0084,2023-12-11 16:02:31
TXN_0223,CUST_0997,2022-12-17 13:42:09
TXN_0224,CUST_0106,2023-08-22 04:59:52
TXN_0225,CUST_0741,2023-03-06 10:06:05
TXN_0226,CUST_0712,2022-08-14 23:17:28
TXN_0227,CUST_0835,2024-04-03 06:11:42
TXN_0228,CUST_0821,2024-07-01 07:44:42
TXN_0229,CUST_0652,2023-07-03 11:37:27
TXN_0230,CUST_0768,2023-09-08 09:17:19
TXN_0231,CUST_0960,2022-09-27 13:12:34
TXN_0232,CUST_0770,2023-12-06 03:33:34
TXN_0233,CUST_0331,2023-04-15 00:15:03
TXN_0234,CUST_0577,2022-12-29 09:06:34
TXN_0235,CUST_0781,2023-02-15 21:06:28
TXN_0236,CUST_0209,2023-07-01 15:09:10
TXN_0237,CUST_0147,2023-10-19 04:55:00
TXN_0238,CUST_0089,2024-03-23 06:49:02
TXN_0239,CUST_0797,2022-10-02 16:11:50
TXN_0240,CUST_0747,2023-02-20 02:06:54
TXN_0241,CUST_0880,2024-08-22 19:04:01
TXN_0242,CUST_0970,2023-10-20 13:25:42
TXN_0243,CUST_0856,2023-06-02 08:37:11
TXN_0244,CUST_0093,2023-10-30 06:16:48
TXN_0245,CUST_0359,2022-11-11 22:25:29
TXN_0246,CUST_0796,2023-02-01 23:46:53
TXN_0247,CUST_0138,2024-01-31 04:31:01
TXN_0248,CUST_0703,2024-07-06 01:16:17
TXN_0249,CUST_0780,2023-01-17 09:47:48
TXN_0250,CUST_0904,2024-01-05 07:28:22
TXN_0251,CUST_0519,2024-07-15 21:33:32
TXN_0252,CUST_0100,2023-11-30 21:43:52
TXN_0253,CUST_0787,2023-02-19 03:22:19
TXN_0254,CUST_0666,2024-03-23 21:39:02
TXN_0255,CUST_0605,2023-07-09 22:45:44
TXN_0256,CUST_0994,2024-08-07 16:47:22
TXN_0257,CUST_0572,2022-12-30 06:49:47
TXN_0258,CUST_0872,2024-06-05 14:17:31
TXN_0259,CUST_0168,2024-02-23 21:02:49
TXN_0260,CUST_0040,2024-07-17 08:39:12
TXN_0261,CUST_0914,2023-07-01 03:36:09
TXN_0262,CUST_0079,2023-11-27 10:11:45
TXN_0263,CUST_0586,2023-08-05 17:27:36
TXN_0264,CUST_0350,2024-03-24 23:45:39
TXN_0265,CUST_0303,2024-04-04 09:55:46
TXN_0266,CUST_0284,2024-05-04 21:31:18
TXN_0267,CUST_0604,2024-02-08 05:02:41
TXN_0268,CUST_0058,2022-09-26 22:14:08
TXN_0269,CUST_0668,2022-12-26 09:46:28
TXN_0270,CUST_0665,2023-05-07 19:00:37
TXN_0271,CUST_0727,2024-03-19 08:35:16
TXN_0272,CUST_0407,2023-03-01 08:59:20
TXN_0273,CUST_0910,2024-07-26 20:11:47
TXN_0274,CUST_0398,2023-02-06 03:52:20
TXN_0275,CUST_0643,2022-10-31 19:29:01
TXN_0276,CUST_0245,2023-04-07 14:00:36
TXN_0277,CUST_0191,2024-06-05 17:07:09
TXN_0278,CUST_0062,2022-10-31 16:05:19
TXN_0279,CUST_0272,2024-01-23 19:04:41
TXN_0280,CUST_0552,2023-01-03 19:42:50
TXN_0281,CUST_0153,2023-04-29 02:29:52
TXN_0282,CUST_0780,2023-11-08 13:43:38
TXN_0283,CUST_0826,2024-02-15 21:19:47
TXN_0284,CUST_0130,2024-01-21 16:52:58
TXN_0285,CUST_0978,2022-08-12 07:19:15
TXN_0286,CUST_0640,2024-01-20 21:54:05
TXN_0287,CUST_0149,2023-04-29 16:43:38
TXN_0288,CUST_0719,2024-07-02 20:39:30
TXN_0289,CUST_0564,2024-06-02 03:49:14
TXN_0290,CUST_0046,2024-02-06 18:41:38
TXN_0291,CUST_0130,2024-06-06 15:27:42
TXN_0292,CUST_0194,2023-11-21 03:15:50
TXN_0293,CUST_0577,2022-11-16 11:35:27
TXN_0294,CUST_0863,2024-03-08 01:02:01
TXN_0295,CUST_0244,2024-02-12 09:51:13
TXN_0296,CUST_0491,2024-03-01 18:40:04
TXN_0297,CUST_0448,2023-08-26 03:37:21
TXN_0298,CUST_0052,2023-09-30 02:51:55
TXN_0299,CUST_0383,2024-01-02 09:11:01
TXN_0300,CUST_0897,2023-04-14 00:17:03
TXN_0301,CUST_0409,2022-12-10 14:33:50
TXN_0302,CUST_0094,2023-02-02 12:30:43
TXN_0303,CUST_0291,2024-05-12 09:35:10
TXN_0304,CUST_0302,2024-01-25 19:39:35
TXN_0305,CUST_0118,2024-03-31 12:02:44
TXN_0306,CUST_0944,2024-03-09 01:51:30
TXN_0307,CUST_0124,2023-08-02 23:52:13
TXN_0308,CUST_0508,2023-01-21 22:54:06
TXN_0309,CUST_0838,2023-12-04 22:45:26
TXN_0310,CUST_0174,2023-10-11 18:05:53
TXN_0311,CUST_0744,2022-10-23 18:52:59
TXN_0312,CUST_0140,2024-08-27 04:29:23
TXN_0313,CUST_0640,2024-07-02 07:17:29
TXN_0314,CUST_0932,2024-06-16 01:04:04
TXN_0315,CUST_0413,2024-04-26 16:29:31
TXN_0316,CUST_0107,2023-11-29 18:42:31
TXN_0317,CUST_0702,2023-02-20 12:16:38
TXN_0318,CUST_0036,2023-06-08 12:19:34
TXN_0319,CUST_0160,2023-10-16 11:46:05
TXN_0320,CUST_0362,2022-08-08 18:48:45
TXN_0321,CUST_0382,2024-08-28 00:20:39
TXN_0322,CUST_0951,2024-05-10 03:37:24
TXN_0323,CUST_0310,2024-01-02 16:55:56
TXN_0324,CUST_0092,2022-11-18 00:09:36
TXN_0325,CUST_0614,2022-08-25 21:50:31
TXN_0326,CUST_0072,2024-06-11 03:16:57
TXN_0327,CUST_0348,2024-03-25 23:06:49
TXN_0328,CUST_0923,2024-05-22 22:03:06
TXN_0329,CUST_0896,2024-09-24 19:15:54
TXN_0330,CUST_0340,2024-09-07 06:08:39
TXN_0331,CUST_0523,2024-05-10 19:31:53
TXN_0332,CUST_0150,2022-12-09 23:22:18
TXN_0333,CUST_0706,2022-10-19 22:28:27
TXN_0334,CUST_0977,2024-02-01 20:56:21
TXN_0335,CUST_0530,2024-03-18 03:07:19
TXN_0336,CUST_0930,2023-02-14 12:21:15
TXN_0337,CUST_0983,2024-08-19 02:27:40
TXN_0338,CUST_0197,2024-02-05 06:48:49
TXN_0339,CUST_0167,2024-09-06 15:54:35
TXN_0340,CUST_0489,2024-04-25 07:59:44
TXN_0341,CUST_0817,2024-07-16 20:20:55
TXN_0342,CUST_0580,2022-12-05 22:50:27
TXN_0343,CUST_0291,2023-09-11 15:21:59
TXN_0344,CUST_0441,2022-08-30 21:46:10
TXN_0345,CUST_0598,2023-08-14 08:42:00
TXN_0346,CUST_0815,2024-03-30 16:03:41
TXN_0347,CUST_0566,2022-12-06 12:42:04
TXN_0348,CUST_0647,2024-02-12 14:59:11
TXN_0349,CUST_0483,2024-02-05 17:10:11
TXN_0350,CUST_0842,2024-04-27 10:02:54
TXN_0351,CUST_0207,2024-06-21 02:18:20
TXN_0352,CUST_0612,2024-04-13 15:45:39
TXN_0353,CUST_0748,2023-12-17 07:03:26
TXN_0354,CUST_0463,2022-10-25 04:35:18
TXN_0355,CUST_0237,2024-08-24 17:38:38
TXN_0356,CUST_0895,2023-06-22 02:07:20
TXN_0357,CUST_0904,2023-08-13 15:47:32
TXN_0358,CUST_0412,2023-03-12 22:48:51
TXN_0359,CUST_0263,2024-08-09 15:57:41
TXN_0360,CUST_0783,2023-02-02 14:05:08
TXN_0361,CUST_0219,2023-12-14 13:29:32
TXN_0362,CUST_0003,2024-05-10 02:50:25
TXN_0363,CUST_0079,2022-11-03 15:07:26
TXN_0364,CUST_0917,2022-08-03 00:24:09
TXN_0365,CUST_0740,2023-12-26 15:12:47
TXN_0366,CUST_0432,2022-09-24 02:09:28
TXN_0367,CUST_0227,2023-02-01 12:43:18
TXN_0368,CUST_0076,2023-05-11 17:08:34
TXN_0369,CUST_0627,2023-07-13 00:53:02
TXN_0370,CUST_0495,2024-02-18 18:15:38
TXN_0371,CUST_0737,2022-08-24 23:35:57
TXN_0372,CUST_0854,2023-02-27 07:47:56
TXN_0373,CUST_0897,2024-06-17 13:53:01
TXN_0374,CUST_0325,2024-04-14 08:34:39
TXN_0375,CUST_0667,2024-02-24 15:28:00
TXN_0376,CUST_0691,2024-05-23 04:10:56
TXN_0377,CUST_0968,2023-08-27 15:50:26
TXN_0378,CUST_0961,2024-09-29 06:49:50
TXN_0379,CUST_0852,2024-03-07 01:20:10
TXN_0380,CUST_0852,2023-12-14 23:27:55
TXN_0381,CUST_0383,2023-12-04 09:21:51
TXN_0382,CUST_0372,2023-05-30 21:48:58
TXN_0383,CUST_0542,2022-10-15 02:04:32
TXN_0384,CUST_0628,2023-10-09 00:53:28
TXN_0385,CUST_0369,2024-04-17 20:11:07
TXN_0386,CUST_0110,2024-01-15 02:31:19
TXN_0387,CUST_0102,2024-07-25 15:07:37
TXN_0388,CUST_0850,2024-08-10 12:59:34
TXN_0389,CUST_0047,2023-12-01 08:01:33
TXN_0390,CUST_0591,2023-04-14 10:15:45
TXN_0391,CUST_0607,2023-02-28 12:43:14
TXN_0392,CUST_0158,2024-09-13 08:55:56
TXN_0393,CUST_0452,2024-10-03 12:39:28
TXN_0394,CUST_0034,2024-07-02 18:08:59
TXN_0395,CUST_0541,2024-08-11 07:47:32
TXN_0396,CUST_0468,2023-09-06 11:00:08
TXN_0397,CUST_0142,2024-07-28 14:42:41
TXN_0398,CUST_0263,2024-07-16 22:58:22
TXN_0399,CUST_0650,2023-06-22 16:55:12
TXN_0400,CUST_0740,2023-12-23 06:35:49
TXN_0401,CUST_0165,2022-11-09 21:16:25
TXN_0402,CUST_0612,2023-08-05 09:33:24
TXN_0403,CUST_0754,2023-11-01 07:05:08
TXN_0404,CUST_0948,2024-07-08 10:54:26
TXN_0405,CUST_0353,2023-03-17 06:31:10
TXN_0406,CUST_0421,2024-03-20 02:46:47
TXN_0407,CUST_0601,2024-08-18 01:35:41
TXN_0408,CUST_0321,2024-06-09 12:08:26
TXN_0409,CUST_0343,2022-10-24 18:38:14
TXN_0410,CUST_0501,2023-03-16 03:57:40
TXN_0411,CUST_0615,2022-12-21 23:55:03
TXN_0412,CUST_0334,2022-11-01 00:15:20
TXN_0413,CUST_0503,2023-02-05 08:54:29
TXN_0414,CUST_0864,2022-09-25 17:46:21
TXN_0415,CUST_0694,2023-01-07 16:00:23
TXN_0416,CUST_0259,2023-08-21 03:51:42
TXN_0417,CUST_0033,2022-10-29 15:21:17
TXN_0418,CUST_0286,2023-03-12 16:56:29
TXN_0419,CUST_0360,2023-09-20 05:04:45
TXN_0420,CUST_0852,2022-08-06 01:41:51
TXN_0421,CUST_0263,2024-01-31 11:46:43
TXN_0422,CUST_0030,2023-09-24 06:37:20
TXN_0423,CUST_0270,2024-04-13 01:13:08
TXN_0424,CUST_0705,2023-04-12 00:18:32
TXN_0425,CUST_0320,2022-08-04 14:30:52
TXN_0426,CUST_0110,2023-04-26 13:32:56
TXN_0427,CUST_0407,2023-04-13 20:45:15
TXN_0428,CUST_0878,2024-02-24 21:03:28
TXN_0429,CUST_0745,2023-12-21 19:02:12
TXN_0430,CUST_0465,2023-09-12 15:49:31
TXN_0431,CUST_0952,2023-11-24 23:35:50
TXN_0432,CUST_0177,2023-11-25 23:58:26
TXN_0433,CUST_0761,2024-03-10 10:35:18
TXN_0434,CUST_0143,2024-03-02 14:45:30
TXN_0435,CUST_0709,2023-05-07 23:46:13
TXN_0436,CUST_0524,2024-08-21 02:52:25
TXN_0437,CUST_0725,2023-11-26 10:37:32
TXN_0438,CUST_0985,2024-09-10 21:36:18
TXN_0439,CUST_0807,2023-06-11 06:02:06
TXN_0440,CUST_0089,2024-02-10 17:19:04
TXN_0441,CUST_0932,2023-03-03 21:32:48
TXN_0442,CUST_0652,2023-12-05 18:54:25
TXN_0443,CUST_0591,2024-01-16 06:40:37
TXN_0444,CUST_0327,2022-09-01 08:26:06
TXN_0445,CUST_0556,2024-09-18 00:23:14
TXN_0446,CUST_0699,2023-03-04 02:06:04
TXN_0447,CUST_0468,2023-09-19 03:46:58
TXN_0448,CUST_0812,2024-10-05 02:54:55
TXN_0449,CUST_0351,2023-11-22 07:39:29
TXN_0450,CUST_0826,2022-09-20 14:41:24
TXN_0451,CUST_0655,2022-08-13 03:03:02
TXN_0452,CUST_0339,2023-04-05 04:01:55
TXN_0453,CUST_0697,2022-08-22 16:39:31
TXN_0454,CUST_0118,2023-05-28 02:05:39
TXN_0455,CUST_0657,2023-12-03 13:04:38
TXN_0456,CUST_0760,2023-07-14 13:23:16
TXN_0457,CUST_0852,2023-06-28 11:33:31
TXN_0458,CUST_0020,2024-02-28 16:45:14
TXN_0459,CUST_0808,2023-11-07 17:39:12
TXN_0460,CUST_0223,2023-03-19 10:58:37
TXN_0461,CUST_0181,2023-09-09 23:20:34
TXN_0462,CUST_0855,2023-05-15 14:06:29
TXN_0463,CUST_0864,2024-01-10 23:21:42
TXN_0464,CUST_0804,2022-12-07 16:27:47
TXN_0465,CUST_0775,2024-05-28 07:39:14
TXN_0466,CUST_0202,2024-08-20 05:59:52
TXN_0467,CUST_0551,2024-03-23 23:51:30
TXN_0468,CUST_0159,2024-02-26 13:10:54
TXN_0469,CUST_0032,2024-01-18 08:29:43
TXN_0470,CUST_0243,2024-09-21 16:36:47
TXN_0471,CUST_0943,2023-08-07 06:40:29
TXN_0472,CUST_0283,2024-03-18 17:52:51
TXN_0473,CUST_0205,2023-12-15 07:21:55
TXN_0474,CUST_0594,2024-05-25 23:11:44
TXN_0475,CUST_0224,2023-11-03 10:55:53
TXN_0476,CUST_0918,2022-08-23 04:04:20
TXN_0477,CUST_0873,2023-08-14 02:10:18
TXN_0478,CUST_0525,2024-04-03 21:49:02
TXN_0479,CUST_0153,2023-10-25 11:23:46
TXN_0480,CUST_0564,2024-10-04 04:53:21
TXN_0481,CUST_0292,2023-03-19 06:17:36
TXN_0482,CUST_0754,2023-11-10 12:00:20
TXN_0483,CUST_0709,2024-07-08 04:02:42
TXN_0484,CUST_0100,2023-10-20 19:57:42
TXN_0485,CUST_0303,2023-01-08 00:32:17
TXN_0486,CUST_0631,2023-09-02 02:50:32
TXN_0487,CUST_0902,2023-03-10 15:01:32
TXN_0488,CUST_0347,2024-01-06 15:01:27
TXN_0489,CUST_0928,2023-09-06 02:07:59
TXN_0490,CUST_0393,2024-06-10 09:54:16
TXN_0491,CUST_0806,2024-04-27 09:50:49
TXN_0492,CUST_0838,2023-04-20 14:03:23
TXN_0493,CUST_0605,2024-05-22 11:07:33
TXN_0494,CUST_0098,2023-11-05 20:47:46
TXN_0495,CUST_0641,2023-02-23 04:31:55
TXN_0496,CUST_0390,2022-12-15 15:50:42
TXN_0497,CUST_0538,2022-09-24 19:28:38
TXN_0498,CUST_0765,2023-07-05 13:45:27
TXN_0499,CUST_0252,2023-03-04 13:16:21
TXN_0500,CUST_0154,2023-09-20 20:45:00
TXN_0501,CUST_0469,2024-05-19 16:43:31
TXN_0502,CUST_0881,2023-03-17 15:56:37
TXN_0503,CUST_0657,2022-09-04 18:57:29
TXN_0504,CUST_0383,2024-08-03 07:21:55
TXN_0505,CUST_0590,2022-10-28 04:51:14
TXN_0506,CUST_0629,2022-11-30 07:05:25
TXN_0507,CUST_0022,2024-08-26 04:33:52
TXN_0508,CUST_0659,2024-02-28 09:54:10
TXN_0509,CUST_0105,2024-01-03 15:10:13
TXN_0510,CUST_0252,2022-10-28 01:41:01
TXN_0511,CUST_0820,2024-09-29 14:53:05
TXN_0512,CUST_0622,2022-10-06 11:42:08
TXN_0513,CUST_0887,2023-05-19 19:49:09
TXN_0514,CUST_0613,2023-07-07 21:19:12
TXN_0515,CUST_0493,2024-04-20 22:36:34
TXN_0516,CUST_0720,2023-07-27 05:51:18
TXN_0517,CUST_0910,2023-04-26 04:54:20
TXN_0518,CUST_0203,2024-09-28 04:13:05
TXN_0519,CUST_0305,2023-06-01 14:42:17
TXN_0520,CUST_0234,2024-05-30 00:49:17
TXN_0521,CUST_0811,2022-12-29 12:24:24
TXN_0522,CUST_0388,2024-01-12 04:29:13
TXN_0523,CUST_0202,2023-09-01 10:51:38
TXN_0524,CUST_0986,2024-07-17 02:01:23
TXN_0525,CUST_0864,2024-03-31 15:33:50
TXN_0526,CUST_0270,2023-03-12 22:52:28
TXN_0527,CUST_0322,2024-08-15 11:09:41
TXN_0528,CUST_0614,2022-10-07 05:57:44
TXN_0529,CUST_0339,2024-01-27 23:47:51
TXN_0530,CUST_0755,2024-07-28 02:18:25
TXN_0531,CUST_0683,2022-11-06 17:48:44
TXN_0532,CUST_0277,2023-10-10 10:12:47
TXN_0533,CUST_0301,2024-07-31 18:44:20
TXN_0534,CUST_0443,2024-02-11 21:26:15
TXN_0535,CUST_0124,2024-02-19 12:59:41
TXN_0536,CUST_0200,2022-08-08 07:09:04
TXN_0537,CUST_0924,2023-08-03 23:45:28
TXN_0538,CUST_0455,2022-10-24 04:01:38
TXN_0539,CUST_0905,2024-05-05 13:22:34
TXN_0540,CUST_0442,2023-06-12 01:03:02
TXN_0541,CUST_0459,2023-09-10 13:55:37
TXN_0542,CUST_0311,2024-02-29 09:00:49
TXN_0543,CUST_0542,2023-12-02 08:38:58
TXN_0544,CUST_0115,2023-07-04 10:32:38
TXN_0545,CUST_0189,2023-08-26 00:52:28
TXN_0546,CUST_0779,2024-09-20 14:56:25
TXN_0547,CUST_0367,2024-09-14 22:00:30
TXN_0548,CUST_0059,2022-09-12 01:11:41
TXN_0549,CUST_0355,2023-01-06 19:05:13
TXN_0550,CUST_0457,2023-09-22 22:18:33
TXN_0551,CUST_0404,2024-02-02 06:37:44
TXN_0552,CUST_0623,2024-09-25 22:05:28
TXN_0553,CUST_0473,2023-01-14 00:08:25
TXN_0554,CUST_0619,2023-06-14 18:01:30
TXN_0555,CUST_0137,2023-09-15 23:19:52
TXN_0556,CUST_0921,2023-12-07 11:47:25
TXN_0557,CUST_0653,2024-03-30 17:05:15
TXN_0558,CUST_0863,2023-07-29 14:23:21
TXN_0559,CUST_0454,2024-06-25 14:43:54
TXN_0560,CUST_0393,2023-07-06 08:01:39
TXN_0561,CUST_0330,2024-06-05 10:59:20
TXN_0562,CUST_0438,2023-07-02 15:24:24
TXN_0563,CUST_0108,2024-03-08 22:01:56
TXN_0564,CUST_0723,2022-10-28 22:20:05
TXN_0565,CUST_0711,2023-07-05 07:06:53
TXN_0566,CUST_0044,2023-12-27 12:45:19
TXN_0567,CUST_0299,2022-10-17 06:20:44
TXN_0568,CUST_0211,2024-08-02 02:49:53
TXN_0569,CUST_0034,2024-04-29 19:09:52
TXN_0570,CUST_0304,2024-06-05 08:27:29
TXN_0571,CUST_0812,2024-06-22 04:37:30
TXN_0572,CUST_0261,2024-09-10 09:05:25
TXN_0573,CUST_0793,2023-09-15 17:43:54
TXN_0574,CUST_0306,2024-08-02 11:26:16
TXN_0575,CUST_0538,2023-02-21 23:51:09
TXN_0576,CUST_0169,2024-03-09 11:43:16
TXN_0577,CUST_0588,2022-10-02 23:52:29
TXN_0578,CUST_0672,2022-12-13 20:15:47
TXN_0579,CUST_0930,2024-04-25 21:24:59
TXN_0580,CUST_0758,2024-06-07 22:07:46
TXN_0581,CUST_0039,2022-09-22 21:29:13
TXN_0582,CUST_0958,2024-07-15 19:58:02
TXN_0583,CUST_0145,2024-07-07 07:36:58
TXN_0584,CUST_0465,2023-09-16 05:10:36
TXN_0585,CUST_0205,2022-09-16 07:42:46
TXN_0586,CUST_0574,2024-04-30 10:17:15
TXN_0587,CUST_0253,2024-07-18 17:07:31
TXN_0588,CUST_0514,2024-02-02 21:47:24
TXN_0589,CUST_0934,2022-12-28 01:33:16
TXN_0590,CUST_0618,2024-03-28 03:38:11
TXN_0591,CUST_0091,2023-06-12 06:44:19
TXN_0592,CUST_0289,2024-01-10 14:36:47
TXN_0593,CUST_0077,2022-08-14 10:21:15
TXN_0594,CUST_0867,2022-12-16 15:05:59
TXN_0595,CUST_0617,2023-09-23 05:37:58
TXN_0596,CUST_0506,2022-10-26 18:33:00
TXN_0597,CUST_0650,2023-11-18 21:09:19
TXN_0598,CUST_0865,2023-10-28 09:54:11
TXN_0599,CUST_0077,2022-11-22 23:04:47
TXN_0600,CUST_0168,2024-02-09 14:35:46
TXN_0601,CUST_0852,2024-04-26 07:50:30
TXN_0602,CUST_0497,2023-05-01 00:43:17
TXN_0603,CUST_0862,2022-10-10 16:17:19
TXN_0604,CUST_0417,2024-06-12 11:58:05
TXN_0605,CUST_0147,2023-03-11 06:52:31
TXN_0606,CUST_0274,2023-04-16 17:14:16
TXN_0607,CUST_0575,2023-08-11 04:26:57
TXN_0608,CUST_0086,2023-04-19 23:31:51
TXN_0609,CUST_0182,2023-12-29 13:05:25
TXN_0610,CUST_0566,2024-01-07 04:26:00
TXN_0611,CUST_0037,2022-08-12 20:06:21
TXN_0612,CUST_0889,2023-12-21 19:45:38
TXN_0613,CUST_0435,2024-04-21 09:05:27
TXN_0614,CUST_0424,2024-09-10 08:10:46
TXN_0615,CUST_0913,2024-03-21 02:44:53
TXN_0616,CUST_0477,2024-07-16 08:51:02
TXN_0617,CUST_0563,2022-10-24 05:32:00
TXN_0618,CUST_0509,2024-05-27 00:30:41
TXN_0619,CUST_0822,2024-04-16 00:55:29
TXN_0620,CUST_0986,2023-10-06 00:41:21
TXN_0621,CUST_0550,2023-05-16 12:14:32
TXN_0622,CUST_0667,2023-11-15 04:57:28
TXN_0623,CUST_0429,2022-12-13 19:18:17
TXN_0624,CUST_0443,2023-03-09 22:34:15
TXN_0625,CUST_0116,2023-07-06 22:31:41
TXN_0626,CUST_0302,2023-06-26 16:00:16
TXN_0627,CUST_0501,2023-12-16 10:15:41
TXN_0628,CUST_0694,2024-05-21 13:12:30
TXN_0629,CUST_0546,2023-01-14 12:44:25
TXN_0630,CUST_0789,2023-12-03 10:35:39
TXN_0631,CUST_0785,2023-07-28 19:15:12
TXN_0632,CUST_0263,2023-08-27 20:05:39
TXN_0633,CUST_0523,2023-03-18 15:05:38
TXN_0634,CUST_0677,2024-03-14 08:48:04
TXN_0635,CUST_0060,2024-06-18 18:30:27
TXN_0636,CUST_0464,2024-06-26 18:45:32
TXN_0637,CUST_0209,2024-02-04 03:51:04
TXN_0638,CUST_0720,2023-05-23 19:12:41
TXN_0639,CUST_0318,2022-09-05 09:38:46
TXN_0640,CUST_0806,2023-11-26 11:58:42
TXN_0641,CUST_0554,2023-09-09 10:37:58
TXN_0642,CUST_0526,2023-07-25 18:11:50
TXN_0643,CUST_0033,2022-11-08 09:20:41
TXN_0644,CUST_0448,2024-01-12 11:13:40
TXN_0645,CUST_0909,2023-08-01 01:24:48
TXN_0646,CUST_0173,2024-09-03 20:18:31
TXN_0647,CUST_0767,2024-09-01 08:24:14
TXN_0648,CUST_0585,2023-03-25 16:02:48
TXN_0649,CUST_0584,2022-08-31 23:56:21
TXN_0650,CUST_0473,2022-12-16 15:49:41
TXN_0651,CUST_0541,2023-09-12 16:37:20
TXN_0652,CUST_0790,2022-08-21 13:20:54
TXN_0653,CUST_0824,2024-03-27 06:44:16
TXN_0654,CUST_0313,2024-03-25 17:20:57
TXN_0655,CUST_0303,2023-07-13 23:36:43
TXN_0656,CUST_0732,2023-09-06 12:25:12
TXN_0657,CUST_0599,2024-09-26 20:39:10
TXN_0658,CUST_0896,2023-08-28 09:14:14
TXN_0659,CUST_0634,2023-06-28 14:35:14
TXN_0660,CUST_0243,2024-08-28 21:40:28
TXN_0661,CUST_0172,2024-07-24 09:56:08
TXN_0662,CUST_0881,2023-05-02 07:32:30
TXN_0663,CUST_0251,2024-05-18 18:52:37
TXN_0664,CUST_0233,2024-05-20 22:21:46
TXN_0665,CUST_0245,2023-09-23 19:53:19
TXN_0666,CUST_0809,2023-05-21 02:10:58
TXN_0667,CUST_0076,2024-01-18 09:31:22
TXN_0668,CUST_0484,2023-04-23 23:03:45
TXN_0669,CUST_0565,2023-10-03 03:26:33
TXN_0670,CUST_0332,2024-09-02 07:04:58
TXN_0671,CUST_0715,2024-03-07 02:38:37
TXN_0672,CUST_0135,2024-07-27 20:19:45
TXN_0673,CUST_0604,2023-05-27 23:52:16
TXN_0674,CUST_0348,2022-09-28 02:12:24
TXN_0675,CUST_0351,2024-06-28 10:36:05
TXN_0676,CUST_0114,2024-03-15 23:35:29
TXN_0677,CUST_0107,2022-11-21 05:40:27
TXN_0678,CUST_0828,2023-09-25 16:49:04
TXN_0679,CUST_0970,2024-06-23 23:03:19
TXN_0680,CUST_0066,2023-09-08 23:24:04
TXN_0681,CUST_0292,2023-05-28 00:45:19
TXN_0682,CUST_0837,2022-09-23 02:46:43
TXN_0683,CUST_0603,2023-04-12 21:21:25
TXN_0684,CUST_0654,2024-10-03 03:50:57
TXN_0685,CUST_0612,2024-05-18 02:59:25
TXN_0686,CUST_0871,2024-02-03 03:50:41
TXN_0687,CUST_0755,2022-12-31 04:49:37
TXN_0688,CUST_0085,2023-07-16 01:31:13
TXN_0689,CUST_0463,2024-01-04 12:32:05
TXN_0690,CUST_0737,2023-02-25 12:38:25
TXN_0691,CUST_0483,2023-03-22 14:49:58
TXN_0692,CUST_0476,2024-03-04 16:19:02
TXN_0693,CUST_0898,2024-03-07 01:49:41
TXN_0694,CUST_0901,2023-10-22 20:43:02
TXN_0695,CUST_0295,2023-07-20 22:51:00
TXN_0696,CUST_0135,2023-10-03 12:22:07
TXN_0697,CUST_0679,2023-06-20 16:18:50
TXN_0698,CUST_0950,2024-06-08 09:19:13
TXN_0699,CUST_0590,2023-08-17 16:48:52
TXN_0700,CUST_0564,2024-04-14 23:42:13
TXN_0701,CUST_0471,2023-12-06 22:23:09
TXN_0702,CUST_0870,2022-09-29 23:57:34
TXN_0703,CUST_0539,2024-08-19 22:44:24
TXN_0704,CUST_0921,2022-11-18 11:16:17
TXN_0705,CUST_0882,2022-10-19 05:43:58
TXN_0706,CUST_0829,2023-02-27 05:45:07
TXN_0707,CUST_0202,2024-04-24 22:06:35
TXN_0708,CUST_0405,2023-01-26 01:26:43
TXN_0709,CUST_0359,2024-02-28 22:51:21
TXN_0710,CUST_0360,2024-06-22 02:09:23
TXN_0711,CUST_0151,2023-11-03 03:32:37
TXN_0712,CUST_0415,2023-01-01 11:44:23
TXN_0713,CUST_0038,2024-08-29 10:01:44
TXN_0714,CUST_0240,2024-01-04 06:15:16
TXN_0715,CUST_0732,2022-08-09 09:46:40
TXN_0716,CUST_0344,2023-12-10 23:44:23
TXN_0717,CUST_0586,2024-01-13 18:33:03
TXN_0718,CUST_0187,2023-02-24 20:50:14
TXN_0719,CUST_0313,2024-04-16 17:32:29
TXN_0720,CUST_0693,2023-11-26 14:15:51
TXN_0721,CUST_0263,2024-04-13 18:27:07
TXN_0722,CUST_0457,2024-03-20 23:00:12
TXN_0723,CUST_0274,2023-03-02 07:23:08
TXN_0724,CUST_0640,2024-07-10 02:50:38
TXN_0725,CUST_0751,2023-03-26 20:34:42
TXN_0726,CUST_0248,2023-09-21 07:06:09
TXN_0727,CUST_0550,2023-12-27 15:34:35
TXN_0728,CUST_0482,2024-05-23 23:26:20
TXN_0729,CUST_0551,2024-08-01 04:19:15
TXN_0730,CUST_0570,2022-10-27 18:08:38
TXN_0731,CUST_0655,2024-01-24 17:22:47
TXN_0732,CUST_0915,2023-04-26 23:33:11
TXN_0733,CUST_0127,2022-10-20 04:43:31
TXN_0734,CUST_0656,2022-11-29 12:33:02
TXN_0735,CUST_0752,2023-08-21 00:19:02
TXN_0736,CUST_0727,2024-06-03 18:30:56
TXN_0737,CUST_0613,2023-10-04 10:06:18
TXN_0738,CUST_0205,2024-09-10 00:08:12
TXN_0739,CUST_0038,2024-01-09 22:50:17
TXN_0740,CUST_0638,2023-06-27 18:27:58
TXN_0741,CUST_0019,2023-04-02 09:31:33
TXN_0742,CUST_0077,2022-08-17 06:44:12
TXN_0743,CUST_0658,2024-04-16 15:01:02
TXN_0744,CUST_0804,2024-07-17 08:48:12
TXN_0745,CUST_0211,2024-04-08 06:15:31
TXN_0746,CUST_0722,2023-08-27 16:43:00
TXN_0747,CUST_0701,2023-10-15 15:50:38
TXN_0748,CUST_0113,2023-05-16 02:34:04
TXN_0749,CUST_0414,2023-05-07 02:11:30
TXN_0750,CUST_0408,2023-09-06 08:59:52
TXN_0751,CUST_0854,2023-11-13 05:44:06
TXN_0752,CUST_0018,2023-01-27 18:29:31
TXN_0753,CUST_0020,2022-11-13 04:08:06
TXN_0754,CUST_0421,2024-06-24 14:44:37
TXN_0755,CUST_0416,2023-11-03 15:32:40
TXN_0756,CUST_0469,2023-10-31 20:36:39
TXN_0757,CUST_0381,2024-06-18 07:17:58
TXN_0758,CUST_0770,2023-07-29 06:00:17
TXN_0759,CUST_0448,2023-05-24 16:26:15
TXN_0760,CUST_0062,2023-12-01 14:46:41
TXN_0761,CUST_0460,2024-03-30 07:55:58
TXN_0762,CUST_0302,2024-01-05 17:01:15
TXN_0763,CUST_0380,2024-03-24 15:22:53
TXN_0764,CUST_0971,2023-12-26 19:56:54
TXN_0765,CUST_0510,2022-09-30 07:52:01
TXN_0766,CUST_0538,2023-04-17 16:07:56
TXN_0767,CUST_0286,2023-03-09 08:06:46
TXN_0768,CUST_0435,2024-06-15 00:16:10
TXN_0769,CUST_0523,2024-06-14 20:33:59
TXN_0770,CUST_0940,2024-02-13 01:47:51
TXN_0771,CUST_0815,2024-01-08 16:46:15
TXN_0772,CUST_0104,2024-04-10 23:00:52
TXN_0773,CUST_0507,2024-08-31 11:42:21
TXN_0774,CUST_0697,2024-04-28 16:30:42
TXN_0775,CUST_0212,2024-02-18 02:11:52
TXN_0776,CUST_0451,2022-09-23 00:09:26
TXN_0777,CUST_0767,2023-03-04 11:30:06
TXN_0778,CUST_0270,2022-12-01 11:02:32
TXN_0779,CUST_0673,2022-10-09 18:52:03
TXN_0780,CUST_0557,2023-07-01 08:04:58
TXN_0781,CUST_0009,2023-01-27 06:04:24
TXN_0782,CUST_0424,2023-06-20 19:10:32
TXN_0783,CUST_0761,2024-01-18 14:30:01
TXN_0784,CUST_0976,2024-07-03 09:21:22
TXN_0785,CUST_0698,2023-12-31 23:03:31
TXN_0786,CUST_0866,2024-02-04 05:59:48
TXN_0787,CUST_0803,2024-07-16 08:12:00
TXN_0788,CUST_0350,2024-09-27 14:28:51
TXN_0789,CUST_0618,2023-06-17 10:43:27
TXN_0790,CUST_0244,2022-10-07 14:45:49
TXN_0791,CUST_0054,2023-10-01 02:25:17
TXN_0792,CUST_0330,2024-02-01 10:08:45
TXN_0793,CUST_0835,2024-04-06 21:51:21
TXN_0794,CUST_0567,2022-11-05 07:04:55
TXN_0795,CUST_0933,2024-03-04 04:57:14
TXN_0796,CUST_0235,2022-08-24 08:19:01
TXN_0797,CUST_0070,2022-09-26 22:52:02
TXN_0798,CUST_0358,2023-01-13 07:43:54
TXN_0799,CUST_0897,2024-09-14 08:55:35
TXN_0800,CUST_0692,2024-03-16 20:17:09
TXN_0801,CUST_0030,2024-07-31 10:34:42
TXN_0802,CUST_0063,2022-09-23 08:05:23
TXN_0803,CUST_0078,2023-07-17 22:18:04
TXN_0804,CUST_0680,2023-12-06 20:18:05
TXN_0805,CUST_0676,2022-08-20 12:08:58
TXN_0806,CUST_0231,2023-01-09 05:29:15
TXN_0807,CUST_0287,2024-02-28 23:31:09
TXN_0808,CUST_0845,2023-07-18 18:21:33
TXN_0809,CUST_0258,2023-05-12 13:01:28
TXN_0810,CUST_0791,2023-09-30 13:42:59
TXN_0811,CUST_0505,2024-04-10 14:30:03
TXN_0812,CUST_0698,2023-02-07 10:23:32
TXN_0813,CUST_0115,2024-03-13 18:20:22
TXN_0814,CUST_0722,2023-10-05 20:21:10
TXN_0815,CUST_0702,2024-02-24 08:55:01
TXN_0816,CUST_0103,2024-07-09 23:25:24
TXN_0817,CUST_0846,2022-10-28 21:18:59
TXN_0818,CUST_0346,2024-07-31 12:31:08
TXN_0819,CUST_0934,2024-09-18 12:51:26
TXN_0820,CUST_0231,2024-08-01 10:17:56
TXN_0821,CUST_0154,2023-04-01 05:51:29
TXN_0822,CUST_0738,2024-07-17 18:30:39
TXN_0823,CUST_0646,2023-10-10 01:08:22
TXN_0824,CUST_0146,2024-08-03 23:03:24
TXN_0825,CUST_0908,2023-12-25 17:08:18
TXN_0826,CUST_0707,2022-10-15 16:35:40
TXN_0827,CUST_0690,2022-09-25 11:19:06
TXN_0828,CUST_0246,2022-12-01 05:17:28
TXN_0829,CUST_0237,2023-03-21 05:14:28
TXN_0830,CUST_0942,2023-01-20 03:57:27
TXN_0831,CUST_0050,2024-04-01 18:06:38
TXN_0832,CUST_0486,2024-02-08 20:27:29
TXN_0833,CUST_0536,2023-03-03 09:38:00
TXN_0834,CUST_0543,2024-03-09 23:52:02
TXN_0835,CUST_0709,2022-10-31 20:48:01
TXN_0836,CUST_0032,2023-10-23 13:13:36
TXN_0837,CUST_0629,2022-09-08 02:49:41
TXN_0838,CUST_0242,2023-05-13 21:24:17
TXN_0839,CUST_0701,2023-04-21 05:44:34
TXN_0840,CUST_0279,2022-08-24 03:39:52
TXN_0841,CUST_0040,2023-09-12 07:35:32
TXN_0842,CUST_0601,2023-11-05 18:40:59
TXN_0843,CUST_0523,2023-01-26 16:48:11
TXN_0844,CUST_0509,2023-02-10 12:17:47
TXN_0845,CUST_0765,2023-02-05 16:22:02
TXN_0846,CUST_0438,2023-09-08 02:54:11
TXN_0847,CUST_0737,2023-12-17 00:27:43
TXN_0848,CUST_0689,2023-06-29 17:02:51
TXN_0849,CUST_0320,2023-08-30 02:55:52
TXN_0850,CUST_0011,2024-04-09 09:58:03
TXN_0851,CUST_0350,2024-02-09 07:26:31
TXN_0852,CUST_0487,2023-08-27 21:09:36
TXN_0853,CUST_0233,2024-03-15 14:53:18
TXN_0854,CUST_0859,2022-10-18 10:52:40
TXN_0855,CUST_0223,2024-07-13 23:59:12
TXN_0856,CUST_0830,2024-04-11 16:55:21
TXN_0857,CUST_0169,2022-12-19 02:43:24
TXN_0858,CUST_0072,2023-10-24 02:46:13
TXN_0859,CUST_0323,2024-05-31 00:49:02
TXN_0860,CUST_0188,2024-08-21 04:34:51
TXN_0861,CUST_0753,2024-02-01 15:55:44
TXN_0862,CUST_0205,2024-09-14 20:56:03
TXN_0863,CUST_0440,2022-08-06 21:50:52
TXN_0864,CUST_0642,2023-01-02 09:14:49
TXN_0865,CUST_0108,2024-02-10 19:43:17
TXN_0866,CUST_0586,2024-01-22 18:12:22
TXN_0867,CUST_0783,2024-01-20 06:21:24
TXN_0868,CUST_0356,2023-12-12 09:45:08
TXN_0869,CUST_0835,2024-04-29 10:51:39
TXN_0870,CUST_0582,2024-06-14 11:04:37
TXN_0871,CUST_0618,2022-12-03 14:51:17
TXN_0872,CUST_0249,2024-04-11 12:52:22
TXN_0873,CUST_0424,2024-09-20 13:14:27
TXN_0874,CUST_0447,2023-04-14 15:15:50
TXN_0875,CUST_0874,2023-10-20 06:51:33
TXN_0876,CUST_0134,2024-02-24 18:33:48
TXN_0877,CUST_0844,2024-05-21 14:55:29
TXN_0878,CUST_0051,2024-05-15 20:23:10
TXN_0879,CUST_0579,2022-10-28 13:47:35
TXN_0880,CUST_0102,2023-06-21 22:29:52
TXN_0881,CUST_0574,2023-10-17 22:50:10
TXN_0882,CUST_0100,2024-04-14 05:18:51
TXN_0883,CUST_0561,2024-06-01 07:29:32
TXN_0884,CUST_0486,2024-04-05 03:04:43
TXN_0885,CUST_0921,2023-11-07 19:19:07
TXN_0886,CUST_0914,2023-07-26 06:32:16
TXN_0887,CUST_0891,2024-02-27 22:46:37
TXN_0888,CUST_0289,2023-04-25 13:35:09
TXN_0889,CUST_0583,2024-05-24 07:29:45
TXN_0890,CUST_0760,2022-11-08 02:15:55
TXN_0891,CUST_0661,2024-02-28 11:41:21
TXN_0892,CUST_0736,2022-12-15 02:56:24
TXN_0893,CUST_0125,2023-11-27 18:28:52
TXN_0894,CUST_0848,2024-09-27 08:33:22
TXN_0895,CUST_0198,2024-03-23 23:09:12
TXN_0896,CUST_0105,2022-08-18 02:47:18
TXN_0897,CUST_0336,2023-02-05 18:03:47
TXN_0898,CUST_0287,2023-03-21 07:32:08
TXN_0899,CUST_0085,2024-05-30 08:01:18
TXN_0900,CUST_0053,2022-08-21 07:32:49
TXN_0901,CUST_0102,2022-12-11 20:53:19
TXN_0902,CUST_0564,2022-10-17 01:14:20
TXN_0903,CUST_0445,2024-01-24 12:14:32
TXN_0904,CUST_0922,2023-05-22 03:12:00
TXN_0905,CUST_0122,2024-02-03 17:34:23
TXN_0906,CUST_0492,2022-11-03 15:39:16
TXN_0907,CUST_0130,2023-07-01 13:29:03
TXN_0908,CUST_0579,2024-02-26 23:52:05
TXN_0909,CUST_0498,2023-11-17 16:47:47
TXN_0910,CUST_0498,2024-05-09 16:05:26
TXN_0911,CUST_0534,2024-02-04 16:48:05
TXN_0912,CUST_0926,2023-07-11 07:12:52
TXN_0913,CUST_0786,2023-12-08 21:08:32
TXN_0914,CUST_0063,2022-12-26 04:09:20
TXN_0915,CUST_0997,2023-04-22 02:15:45
TXN_0916,CUST_0332,2024-09-14 09:50:07
TXN_0917,CUST_0208,2024-05-23 07:11:11
TXN_0918,CUST_0335,2022-08-05 09:35:33
TXN_0919,CUST_0294,2023-09-16 03:18:19
TXN_0920,CUST_0235,2023-11-07 05:48:10
TXN_0921,CUST_0519,2023-03-20 17:12:42
TXN_0922,CUST_0187,2022-08-30 01:29:37
TXN_0923,CUST_0952,2023-04-06 02:49:18
TXN_0924,CUST_0191,2024-07-29 03:44:57
TXN_0925,CUST_0715,2024-07-10 23:47:57
TXN_0926,CUST_0264,2024-04-11 13:06:56
TXN_0927,CUST_0425,2024-05-06 17:06:40
TXN_0928,CUST_0890,2023-04-20 09:39:32
TXN_0929,CUST_0612,2023-08-03 23:20:02
TXN_0930,CUST_0762,2024-02-13 04:41:18
TXN_0931,CUST_0252,2023-04-20 08:33:15
TXN_0932,CUST_0272,2024-03-20 20:52:46
TXN_0933,CUST_0333,2023-04-19 11:06:59
TXN_0934,CUST_0125,2023-12-05 12:53:42
TXN_0935,CUST_0807,2023-07-08 04:29:53
TXN_0936,CUST_0231,2023-11-21 18:56:36
TXN_0937,CUST_0407,2023-12-15 21:59:41
TXN_0938,CUST_0955,2023-11-03 02:55:46
TXN_0939,CUST_0067,2024-07-15 02:06:27
TXN_0940,CUST_0201,2023-01-28 17:29:30
TXN_0941,CUST_0587,2023-02-10 16:46:43
TXN_0942,CUST_0459,2023-04-18 15:20:05
TXN_0943,CUST_0894,2024-06-27 10:11:33
TXN_0944,CUST_0540,2022-11-15 11:55:29
TXN_0945,CUST_0528,2022-11-19 23:22:33
TXN_0946,CUST_0452,2023-01-02 11:44:15
TXN_0947,CUST_0344,2024-06-06 00:31:16
TXN_0948,CUST_0091,2023-08-14 03:20:06
TXN_0949,CUST_0719,2023-10-03 06:37:48
TXN_0950,CUST_0862,2022-10-23 04:09:08
TXN_0951,CUST_0005,2023-01-28 02:52:13
TXN_0952,CUST_0665,2024-09-26 20:12:22
TXN_0953,CUST_0432,2022-09-01 08:28:25
TXN_0954,CUST_0532,2024-10-01 22:13:52
TXN_0955,CUST_0377,2024-01-19 07:46:53
TXN_0956,CUST_0769,2023-10-23 12:50:55
TXN_0957,CUST_0897,2024-03-24 23:26:17
TXN_0958,CUST_0772,2023-10-20 05:15:08
TXN_0959,CUST_0681,2024-03-20 02:45:07
TXN_0960,CUST_0767,2023-12-12 19:18:14
TXN_0961,CUST_0805,2024-07-24 14:21:06
TXN_0962,CUST_0543,2022-10-03 23:58:10
TXN_0963,CUST_0969,2023-12-03 10:59:41
TXN_0964,CUST_0864,2023-07-31 17:03:02
TXN_0965,CUST_0824,2022-09-19 03:12:26
TXN_0966,CUST_0383,2023-10-11 03:06:58
TXN_0967,CUST_0728,2023-12-12 12:44:08
TXN_0968,CUST_0410,2022-10-14 10:38:36
TXN_0969,CUST_0421,2022-12-02 04:00:18
TXN_0970,CUST_0060,2023-01-21 23:42:51
TXN_0971,CUST_0128,2022-10-09 09:37:40
TXN_0972,CUST_0394,2024-07-05 07:32:32
TXN_0973,CUST_0973,2022-09-11 06:23:19
TXN_0974,CUST_0142,2022-08-11 08:58:53
TXN_0975,CUST_0543,2024-03-14 09:59:20
TXN_0976,CUST_0276,2023-09-12 01:28:22
TXN_0977,CUST_0237,2024-02-25 00:05:13
TXN_0978,CUST_0539,2023-08-23 07:44:38
TXN_0979,CUST_0645,2024-07-07 09:50:50
TXN_0980,CUST_0777,2022-09-09 23:37:40
TXN_0981,CUST_0404,2024-08-25 01:37:45
TXN_0982,CUST_0363,2022-11-11 16:31:24
TXN_0983,CUST_0629,2023-10-13 04:30:50
TXN_0984,CUST_0214,2022-10-10 21:35:07
TXN_0985,CUST_0543,2024-03-02 01:40:57
TXN_0986,CUST_0269,2023-05-07 16:34:14
TXN_0987,CUST_0901,2023-07-26 02:11:34
TXN_0988,CUST_0203,2022-11-18 01:52:22
TXN_0989,CUST_0596,2024-03-05 15:19:30
TXN_0990,CUST_0848,2024-08-27 05:28:16
TXN_0991,CUST_0866,2023-03-18 08:37:52
TXN_0992,CUST_0131,2024-09-26 18:46:41
TXN_0993,CUST_0956,2024-02-14 03:03:28
TXN_0994,CUST_0768,2023-04-16 02:26:41
TXN_0995,CUST_0294,2023-01-05 23:45:25
TXN_0996,CUST_0745,2022-11-24 15:44:08
TXN_0997,CUST_0725,2022-10-24 23:35:59
TXN_0998,CUST_0436,2024-02-23 02:52:36
TXN_0999,CUST_0780,2024-10-06 16:16:50
TXN_1000,CUST_0996,2023-01-15 07:33:11
TXN_1001,CUST_0142,2022-08-15 19:07:09
TXN_1002,CUST_0786,2022-10-30 18:27:21
TXN_1003,CUST_0338,2023-04-25 01:03:24
TXN_1004,CUST_0090,2024-06-27 05:05:22
TXN_1005,CUST_0254,2024-09-01 11:08:31
TXN_1006,CUST_0525,2023-07-22 22:19:59
TXN_1007,CUST_0174,2023-08-01 21:55:17
TXN_1008,CUST_0797,2024-07-15 17:22:58
TXN_1009,CUST_0206,2024-02-12 06:28:52
TXN_1010,CUST_0729,2024-04-04 05:56:50
TXN_1011,CUST_0779,2023-05-22 13:05:33
TXN_1012,CUST_0021,2023-08-11 15:02:11
TXN_1013,CUST_0099,2022-12-05 20:47:22
TXN_1014,CUST_0138,2024-01-03 14:53:20
TXN_1015,CUST_0992,2023-01-14 11:21:52
TXN_1016,CUST_0225,2023-10-11 01:55:02
TXN_1017,CUST_0688,2022-08-12 10:34:44
TXN_1018,CUST_0731,2023-02-16 10:42:38
TXN_1019,CUST_0083,2024-02-29 12:18:14
TXN_1020,CUST_0537,2024-08-28 07:41:28
TXN_1021,CUST_0639,2024-03-21 00:06:17
TXN_1022,CUST_0671,2023-05-17 07:11:46
TXN_1023,CUST_0639,2024-04-11 17:55:12
TXN_1024,CUST_0453,2024-06-04 18:53:37
TXN_1025,CUST_0956,2024-04-23 23:17:33
TXN_1026,CUST_0386,2024-04-08 12:20:46
TXN_1027,CUST_0009,2023-01-11 10:21:22
TXN_1028,CUST_0986,2022-10-28 15:53:57
TXN_1029,CUST_0920,2023-04-02 04:53:41
TXN_1030,CUST_0166,2024-06-07 20:02:02
TXN_1031,CUST_0765,2024-03-31 14:43:39
TXN_1032,CUST_0574,2023-05-20 10:04:15
TXN_1033,CUST_0131,2023-06-22 13:27:58
TXN_1034,CUST_0594,2024-01-03 01:37:30
TXN_1035,CUST_0541,2024-08-10 06:31:47
TXN_1036,CUST_0730,2022-08-03 05:29:15
TXN_1037,CUST_0221,2022-10-02 20:17:44
TXN_1038,CUST_0156,2024-02-10 08:13:00
TXN_1039,CUST_0832,2024-09-16 02:49:12
TXN_1040,CUST_0781,2023-12-22 09:47:50
TXN_1041,CUST_0089,2023-07-02 13:36:43
TXN_1042,CUST_0834,2022-09-26 07:31:38
TXN_1043,CUST_0718,2024-06-16 08:49:26
TXN_1044,CUST_0217,2022-11-08 11:44:36
TXN_1045,CUST_0690,2022-12-05 20:16:10
TXN_1046,CUST_0774,2024-02-29 14:17:34
TXN_1047,CUST_0186,2023-12-04 14:57:04
TXN_1048,CUST_0888,2023-01-04 16:04:38
TXN_1049,CUST_0976,2024-01-31 00:00:37
TXN_1050,CUST_0768,2022-09-30 08:56:49
TXN_1051,CUST_0723,2023-03-24 04:24:30
TXN_1052,CUST_0556,2023-07-24 18:49:05
TXN_1053,CUST_0761,2023-04-16 05:23:52
TXN_1054,CUST_0070,2023-08-13 08:44:17
TXN_1055,CUST_0229,2023-07-13 05:18:41
TXN_1056,CUST_0396,2024-07-31 17:11:56
TXN_1057,CUST_0549,2023-10-28 07:17:09
TXN_1058,CUST_0008,2023-01-21 21:51:27
TXN_1059,CUST_0991,2024-09-23 13:07:54
TXN_1060,CUST_0378,2023-09-22 13:09:20
TXN_1061,CUST_0954,2023-05-24 13:47:08
TXN_1062,CUST_0677,2024-06-17 13:30:15
TXN_1063,CUST_0930,2024-09-01 08:25:07
TXN_1064,CUST_0466,2023-11-13 10:10:33
TXN_1065,CUST_0725,2023-10-08 21:29:33
TXN_1066,CUST_0830,2023-02-10 23:40:51
TXN_1067,CUST_0998,2022-11-18 13:23:59
TXN_1068,CUST_0235,2022-09-09 00:23:13
TXN_1069,CUST_0992,2023-07-24 09:20:32
TXN_1070,CUST_0407,2022-10-25 23:43:40
TXN_1071,CUST_0575,2023-10-04 17:16:55
TXN_1072,CUST_0420,2023-05-23 21:56:07
TXN_1073,CUST_0499,2024-07-07 10:04:41
TXN_1074,CUST_0735,2023-03-14 06:39:39
TXN_1075,CUST_0804,2023-06-04 17:26:16
TXN_1076,CUST_0368,2023-03-15 08:02:02
TXN_1077,CUST_0829,2022-10-07 17:34:33
TXN_1078,CUST_0547,2022-10-30 01:49:23
TXN_1079,CUST_0377,2024-08-15 19:08:27
TXN_1080,CUST_0634,2024-01-21 11:12:23
TXN_1081,CUST_0192,2023-10-30 11:42:14
TXN_1082,CUST_0828,2024-02-22 07:10:48
TXN_1083,CUST_0067,2024-09-21 09:54:17
TXN_1084,CUST_0965,2023-09-22 09:55:21
TXN_1085,CUST_0395,2023-08-16 11:14:42
TXN_1086,CUST_0425,2023-12-08 17:35:53
TXN_1087,CUST_0201,2024-05-06 16:00:39
TXN_1088,CUST_0259,2022-10-19 07:38:41
TXN_1089,CUST_0161,2023-07-25 16:56:02
TXN_1090,CUST_0473,2023-04-21 20:35:36
TXN_1091,CUST_0214,2023-06-05 23:31:39
TXN_1092,CUST_0201,2023-11-05 04:46:14
TXN_1093,CUST_0479,2024-08-08 16:45:22
TXN_1094,CUST_0156,2024-05-31 11:46:56
TXN_1095,CUST_0018,2022-12-06 19:51:31
TXN_1096,CUST_0182,2024-08-30 05:41:28
TXN_1097,CUST_0266,2024-04-04 01:56:51
TXN_1098,CUST_0736,2023-05-29 07:56:05
TXN_1099,CUST_0187,2023-05-17 16:49:51
TXN_1100,CUST_0943,2022-09-11 09:17:19
TXN_1101,CUST_0048,2024-09-10 18:29:05
TXN_1102,CUST_0407,2023-10-22 05:45:08
TXN_1103,CUST_0264,2023-01-27 07:50:45
TXN_1104,CUST_0871,2024-01-29 14:00:47
TXN_1105,CUST_0654,2024-01-28 22:03:16
TXN_1106,CUST_0621,2024-04-18 05:30:52
TXN_1107,CUST_0115,2022-12-04 14:50:31
TXN_1108,CUST_0320,2022-08-22 11:50:21
TXN_1109,CUST_0145,2024-04-02 02:41:16
TXN_1110,CUST_0823,2024-07-22 19:10:48
TXN_1111,CUST_0230,2023-02-03 18:26:36
TXN_1112,CUST_0409,2022-10-14 22:39:57
TXN_1113,CUST_0100,2023-10-04 16:56:39
TXN_1114,CUST_0203,2022-11-02 08:00:38
TXN_1115,CUST_0474,2023-12-17 21:37:33
TXN_1116,CUST_0634,2023-04-29 00:37:11
TXN_1117,CUST_0102,2024-07-12 14:03:32
TXN_1118,CUST_0195,2023-01-01 20:56:23
TXN_1119,CUST_0979,2023-02-10 08:50:12
TXN_1120,CUST_0222,2023-09-13 00:00:32
TXN_1121,CUST_0187,2024-05-07 16:00:50
TXN_1122,CUST_0220,2022-08-07 23:14:28
TXN_1123,CUST_0087,2023-11-25 17:27:06
TXN_1124,CUST_0806,2024-03-09 17:22:32
TXN_1125,CUST_0047,2023-05-15 20:40:59
TXN_1126,CUST_0181,2024-05-11 20:54:08
TXN_1127,CUST_0104,2024-10-02 05:40:43
TXN_1128,CUST_0513,2023-08-18 23:51:19
TXN_1129,CUST_0612,2024-07-17 03:16:31
TXN_1130,CUST_0069,2024-02-10 20:36:37
TXN_1131,CUST_0865,2024-03-21 19:07:52
TXN_1132,CUST_0897,2023-08-26 16:07:20
TXN_1133,CUST_0218,2023-12-20 18:11:17
TXN_1134,CUST_0592,2024-05-03 20:06:53
TXN_1135,CUST_0128,2022-10-23 05:59:02
TXN_1136,CUST_0087,2022-09-14 18:33:15
TXN_1137,CUST_0955,2023-12-09 21:36:13
TXN_1138,CUST_0804,2023-12-17 04:52:23
TXN_1139,CUST_0066,2022-12-21 19:08:52
TXN_1140,CUST_0095,2023-03-10 15:01:10
TXN_1141,CUST_0026,2022-11-09 12:09:09
TXN_1142,CUST_0665,2024-09-07 16:55:22
TXN_1143,CUST_0641,2023-11-09 06:10:41
TXN_1144,CUST_0120,2023-12-22 16:26:54
TXN_1145,CUST_0759,2024-02-08 08:24:38
TXN_1146,CUST_0520,2022-10-26 12:51:25
TXN_1147,CUST_0553,2023-02-06 10:55:37
TXN_1148,CUST_0317,2023-08-22 22:17:19
TXN_1149,CUST_0793,2022-11-14 07:59:05
TXN_1150,CUST_0006,2023-10-05 08:07:13
TXN_1151,CUST_0874,2024-03-05 23:13:17
TXN_1152,CUST_0808,2023-01-12 23:56:08
TXN_1153,CUST_0741,2023-05-04 18:16:43
TXN_1154,CUST_0348,2024-05-12 17:26:00
TXN_1155,CUST_0296,2023-02-12 09:40:00
TXN_1156,CUST_0699,2022-09-10 19:14:39
TXN_1157,CUST_0649,2023-08-01 04:27:09
TXN_1158,CUST_0706,2024-04-10 02:02:31
TXN_1159,CUST_0334,2024-08-28 23:57:21
TXN_1160,CUST_0115,2024-10-01 05:27:15
TXN_1161,CUST_0175,2022-10-22 11:45:51
TXN_1162,CUST_0813,2023-11-06 16:35:12
TXN_1163,CUST_0665,2023-11-28 04:20:38
TXN_1164,CUST_0222,2022-11-27 09:38:37
TXN_1165,CUST_0392,2024-08-15 09:22:37
TXN_1166,CUST_0070,2022-12-02 15:26:44
TXN_1167,CUST_0484,2022-12-28 19:15:52
TXN_1168,CUST_0224,2023-10-18 07:44:12
TXN_1169,CUST_0858,2024-01-19 01:50:20
TXN_1170,CUST_0336,2023-02-16 19:42:59
TXN_1171,CUST_0945,2024-07-29 17:54:00
TXN_1172,CUST_0058,2024-03-04 06:11:23
TXN_1173,CUST_0577,2024-03-29 10:29:04
TXN_1174,CUST_0342,2023-07-20 09:19:35
TXN_1175,CUST_0746,2024-05-17 07:00:01
TXN_1176,CUST_0435,2023-06-13 11:05:45
TXN_1177,CUST_0084,2022-09-26 21:33:07
TXN_1178,CUST_0016,2023-05-16 10:15:08
TXN_1179,CUST_0871,2023-02-01 16:35:42
TXN_1180,CUST_0607,2024-06-17 05:37:00
TXN_1181,CUST_0416,2023-07-27 19:06:07
TXN_1182,CUST_0949,2023-05-31 02:57:11
TXN_1183,CUST_0933,2024-09-06 04:11:52
TXN_1184,CUST_0183,2023-04-30 11:58:43
TXN_1185,CUST_0097,2024-09-11 13:00:11
TXN_1186,CUST_0278,2024-02-07 01:11:30
TXN_1187,CUST_0820,2023-03-30 14:11:53
TXN_1188,CUST_0954,2023-08-14 22:17:58
TXN_1189,CUST_0936,2023-01-09 15:37:32
TXN_1190,CUST_0686,2023-04-10 13:09:56
TXN_1191,CUST_0344,2024-09-02 11:34:52
TXN_1192,CUST_0512,2023-03-19 18:17:49
TXN_1193,CUST_0563,2024-08-31 12:13:16
TXN_1194,CUST_0773,2024-01-31 22:02:51
TXN_1195,CUST_0830,2024-08-31 21:02:13
TXN_1196,CUST_0916,2023-12-03 23:33:03
TXN_1197,CUST_0057,2023-02-03 11:24:46
TXN_1198,CUST_0480,2024-08-10 05:06:14
TXN_1199,CUST_0081,2022-12-28 16:49:52
TXN_1200,CUST_0126,2024-07-22 11:07:20
TXN_1201,CUST_0886,2022-08-20 09:15:13
TXN_1202,CUST_0706,2022-08-08 05:51:52
TXN_1203,CUST_0540,2024-01-21 07:36:39
TXN_1204,CUST_0214,2023-01-30 23:15:52
TXN_1205,CUST_0757,2023-04-06 04:21:00
TXN_1206,CUST_0232,2024-07-23 19:16:32
TXN_1207,CUST_0067,2023-03-21 23:15:34
TXN_1208,CUST_0385,2024-08-13 18:27:06
TXN_1209,CUST_0029,2022-08-07 00:50:56
TXN_1210,CUST_0239,2023-10-08 08:08:05
TXN_1211,CUST_0175,2024-02-24 06:26:48
TXN_1212,CUST_0391,2023-03-10 03:51:11
TXN_1213,CUST_0382,2023-03-30 02:27:56
TXN_1214,CUST_0726,2023-08-23 00:15:13
TXN_1215,CUST_0797,2024-09-24 13:23:51
TXN_1216,CUST_0375,2023-05-27 02:36:26
TXN_1217,CUST_0490,2023-02-25 06:10:46
TXN_1218,CUST_0895,2023-01-20 23:02:42
TXN_1219,CUST_0852,2023-03-27 03:49:03
TXN_1220,CUST_0687,2023-11-08 13:07:00
TXN_1221,CUST_0912,2024-02-25 02:54:19
TXN_1222,CUST_0728,2023-10-07 08:15:09
TXN_1223,CUST_0430,2022-11-03 13:40:19
TXN_1224,CUST_0850,2024-05-24 08:29:59
TXN_1225,CUST_0933,2023-06-24 05:06:45
TXN_1226,CUST_0729,2024-08-28 12:54:29
TXN_1227,CUST_0813,2023-04-20 02:38:56
TXN_1228,CUST_0255,2022-09-03 18:35:22
TXN_1229,CUST_0142,2022-09-15 08:52:04
TXN_1230,CUST_0869,2022-08-27 14:12:17
TXN_1231,CUST_0917,2023-01-23 23:13:31
TXN_1232,CUST_0435,2024-06-05 08:11:43
TXN_1233,CUST_0530,2023-04-10 22:47:28
TXN_1234,CUST_0708,2023-07-01 20:45:02
TXN_1235,CUST_0491,2022-09-16 12:56:54
TXN_1236,CUST_0662,2024-01-23 14:40:04
TXN_1237,CUST_0314,2022-10-19 17:01:59
TXN_1238,CUST_0866,2022-08-09 16:12:17
TXN_1239,CUST_0100,2024-04-22 14:18:47
TXN_1240,CUST_0105,2024-04-05 16:52:54
TXN_1241,CUST_0322,2023-03-30 10:55:14
TXN_1242,CUST_0833,2023-12-23 15:37:03
TXN_1243,CUST_0916,2023-06-23 05:58:05
TXN_1244,CUST_0857,2022-12-23 05:02:48
TXN_1245,CUST_0114,2022-12-25 09:17:50
TXN_1246,CUST_0650,2024-07-13 18:18:12
TXN_1247,CUST_0038,2023-12-12 17:31:41
TXN_1248,CUST_0575,2022-08-20 07:20:44
TXN_1249,CUST_0921,2024-05-19 21:19:44
TXN_1250,CUST_0320,2023-06-17 18:34:36
TXN_1251,CUST_0587,2024-08-26 18:44:41
TXN_1252,CUST_0413,2023-11-21 03:26:00
TXN_1253,CUST_0130,2022-09-19 06:31:34
TXN_1254,CUST_0443,2023-08-21 06:17:16
TXN_1255,CUST_0189,2024-03-16 04:45:33
TXN_1256,CUST_0149,2022-08-07 08:53:33
TXN_1257,CUST_0502,2023-02-03 23:20:32
TXN_1258,CUST_0304,2024-05-26 03:48:55
TXN_1259,CUST_0826,2024-03-18 11:56:31
TXN_1260,CUST_0776,2022-12-17 13:11:27
TXN_1261,CUST_0216,2024-07-08 00:23:44
TXN_1262,CUST_0183,2023-08-04 00:59:06
TXN_1263,CUST_0789,2023-08-04 09:52:36
TXN_1264,CUST_0998,2024-01-12 15:47:30
TXN_1265,CUST_0873,2023-03-03 22:25:25
TXN_1266,CUST_0133,2023-01-21 10:49:48
TXN_1267,CUST_0327,2023-02-13 15:07:45
TXN_1268,CUST_0139,2022-09-14 05:51:59
TXN_1269,CUST_0128,2024-05-06 15:22:48
TXN_1270,CUST_0002,2023-11-08 11:56:19
TXN_1271,CUST_0131,2023-10-27 10:37:53
TXN_1272,CUST_0424,2024-06-23 07:55:11
TXN_1273,CUST_0621,2023-12-10 03:52:50
TXN_1274,CUST_0238,2023-02-28 19:16:36
TXN_1275,CUST_0536,2022-10-31 22:14:03
TXN_1276,CUST_0527,2024-01-26 03:43:12
TXN_1277,CUST_0439,2023-09-17 03:04:57
TXN_1278,CUST_0778,2022-09-09 00:32:31
TXN_1279,CUST_0024,2023-02-14 22:26:41
TXN_1280,CUST_0659,2024-04-15 09:33:24
TXN_1281,CUST_0465,2022-08-31 04:59:33
TXN_1282,CUST_0651,2023-06-01 04:43:52
TXN_1283,CUST_0041,2024-07-29 19:54:19
TXN_1284,CUST_0933,2022-12-23 19:14:42
TXN_1285,CUST_0648,2022-11-10 20:40:39
TXN_1286,CUST_0054,2024-06-07 04:34:52
TXN_1287,CUST_0456,2024-04-03 01:17:15
TXN_1288,CUST_0520,2024-10-01 18:40:22
TXN_1289,CUST_0629,2022-08-13 23:12:52
TXN_1290,CUST_0135,2023-10-23 05:53:33
TXN_1291,CUST_0807,2023-08-20 07:16:35
TXN_1292,CUST_0212,2024-02-02 06:36:00
TXN_1293,CUST_0566,2023-03-10 00:18:40
TXN_1294,CUST_0919,2022-09-01 14:04:13
TXN_1295,CUST_0129,2022-12-04 15:56:40
TXN_1296,CUST_0448,2024-07-01 17:01:50
TXN_1297,CUST_0698,2023-01-23 07:51:29
TXN_1298,CUST_0839,2023-12-04 07:52:51
TXN_1299,CUST_0288,2024-05-12 18:41:27
TXN_1300,CUST_0095,2023-06-30 06:52:18
TXN_1301,CUST_0827,2022-08-17 16:10:59
TXN_1302,CUST_0741,2024-04-08 22:42:33
TXN_1303,CUST_0936,2023-03-22 23:01:48
TXN_1304,CUST_0921,2024-07-28 20:19:03
TXN_1305,CUST_0155,2023-10-13 23:48:45
TXN_1306,CUST_0731,2024-04-05 02:23:11
TXN_1307,CUST_0708,2022-12-09 00:47:52
TXN_1308,CUST_0696,2024-07-15 02:03:14
TXN_1309,CUST_0802,2022-10-05 07:29:59
TXN_1310,CUST_0753,2024-09-29 05:03:31
TXN_1311,CUST_0896,2023-11-20 01:30:13
TXN_1312,CUST_0807,2024-06-05 20:02:20
TXN_1313,CUST_0052,2022-08-29 13:42:17
TXN_1314,CUST_0905,2024-03-19 09:19:48
TXN_1315,CUST_0207,2024-01-06 17:58:16
TXN_1316,CUST_0945,2022-10-19 01:42:55
TXN_1317,CUST_0065,2023-09-02 10:31:05
TXN_1318,CUST_0063,2023-05-06 19:40:48
TXN_1319,CUST_0358,2023-01-26 15:40:52
TXN_1320,CUST_0488,2024-03-18 15:58:41
TXN_1321,CUST_0861,2023-07-21 20:47:02
TXN_1322,CUST_0337,2023-12-14 06:22:00
TXN_1323,CUST_0535,2023-11-22 02:27:29
TXN_1324,CUST_0898,2023-09-08 08:46:19
TXN_1325,CUST_0512,2022-10-10 11:45:54
TXN_1326,CUST_0868,2023-10-28 19:19:36
TXN_1327,CUST_0534,2024-02-11 00:32:45
TXN_1328,CUST_0342,2023-09-15 13:01:29
TXN_1329,CUST_0244,2024-09-13 11:37:36
TXN_1330,CUST_0765,2024-08-23 07:16:58
TXN_1331,CUST_0816,2024-06-02 22:37:42
TXN_1332,CUST_0695,2023-05-22 04:36:42
TXN_1333,CUST_0978,2024-06-24 03:43:11
TXN_1334,CUST_0857,2022-08-27 08:45:59
TXN_1335,CUST_0735,2023-05-23 14:34:05
TXN_1336,CUST_0115,2023-02-03 15:12:32
TXN_1337,CUST_0267,2023-06-04 01:12:12
TXN_1338,CUST_0812,2023-03-22 14:40:58
TXN_1339,CUST_0119,2022-12-18 10:17:50
TXN_1340,CUST_0676,2024-01-15 05:06:46
TXN_1341,CUST_0770,2023-03-28 17:10:46
TXN_1342,CUST_0624,2023-09-08 17:59:58
TXN_1343,CUST_0995,2023-09-07 14:37:19
TXN_1344,CUST_0957,2023-11-11 13:42:49
TXN_1345,CUST_0805,2024-02-03 00:11:07
TXN_1346,CUST_0236,2022-08-13 19:39:41
TXN_1347,CUST_0088,2022-08-24 15:12:51
TXN_1348,CUST_0072,2023-06-09 05:43:09
TXN_1349,CUST_0382,2022-12-05 22:14:46
TXN_1350,CUST_0547,2023-12-08 10:12:14
TXN_1351,CUST_0203,2023-08-14 00:05:03
TXN_1352,CUST_0473,2023-10-01 02:42:17
TXN_1353,CUST_0187,2022-11-21 15:34:35
TXN_1354,CUST_0597,2023-07-24 19:52:04
TXN_1355,CUST_0094,2024-06-05 00:15:05
TXN_1356,CUST_0520,2022-12-14 17:37:00
TXN_1357,CUST_0418,2023-01-05 16:57:44
TXN_1358,CUST_0632,2024-09-26 16:23:07
TXN_1359,CUST_0217,2023-03-15 20:38:48
TXN_1360,CUST_0831,2023-01-22 11:46:53
TXN_1361,CUST_0155,2024-07-24 20:21:41
TXN_1362,CUST_0522,2024-03-06 07:00:55
TXN_1363,CUST_0778,2022-09-06 12:23:28
TXN_1364,CUST_0848,2024-06-06 00:25:22
TXN_1365,CUST_0433,2024-02-04 20:42:05
TXN_1366,CUST_0636,2024-02-21 16:18:36
TXN_1367,CUST_0643,2023-09-17 19:27:59
TXN_1368,CUST_0155,2023-08-11 15:18:29
TXN_1369,CUST_0893,2023-01-19 03:16:07
TXN_1370,CUST_0319,2023-03-08 04:47:37
TXN_1371,CUST_0555,2023-07-23 05:58:51
TXN_1372,CUST_0615,2023-03-11 05:20:04
TXN_1373,CUST_0197,2023-06-04 03:57:18
TXN_1374,CUST_0446,2023-10-11 00:54:31
TXN_1375,CUST_0009,2024-03-19 22:24:40
TXN_1376,CUST_0265,2022-09-22 14:16:11
TXN_1377,CUST_0612,2023-01-04 05:59:55
TXN_1378,CUST_0442,2024-09-11 13:18:21
TXN_1379,CUST_0580,2023-10-07 08:12:50
TXN_1380,CUST_0522,2022-10-02 14:13:17
TXN_1381,CUST_0736,2023-01-09 19:15:39
TXN_1382,CUST_0943,2022-10-12 19:37:56
TXN_1383,CUST_0396,2024-05-31 10:20:10
TXN_1384,CUST_0628,2024-06-20 14:24:33
TXN_1385,CUST_0034,2024-07-04 10:07:36
TXN_1386,CUST_0357,2023-10-15 12:04:16
TXN_1387,CUST_0652,2022-08-08 09:30:50
TXN_1388,CUST_0879,2024-03-25 15:28:03
TXN_1389,CUST_0231,2023-11-09 18:48:46
TXN_1390,CUST_0228,2024-08-16 23:32:37
TXN_1391,CUST_0584,2023-06-03 10:24:30
TXN_1392,CUST_0981,2022-08-20 21:25:58
TXN_1393,CUST_0244,2022-11-03 14:10:50
TXN_1394,CUST_0091,2023-03-24 05:15:37
TXN_1395,CUST_0476,2022-11-05 14:26:34
TXN_1396,CUST_0120,2023-01-25 13:56:05
TXN_1397,CUST_0707,2022-12-19 09:11:40
TXN_1398,CUST_0850,2023-02-23 09:02:27
TXN_1399,CUST_0342,2024-09-10 11:49:10
TXN_1400,CUST_0523,2023-06-21 14:55:51
TXN_1401,CUST_0394,2022-08-18 18:35:15
TXN_1402,CUST_0355,2024-09-23 00:01:29
TXN_1403,CUST_0243,2023-04-07 01:49:46
TXN_1404,CUST_0202,2024-04-30 16:41:50
TXN_1405,CUST_0432,2024-09-21 12:54:11
TXN_1406,CUST_0401,2022-09-13 22:28:44
TXN_1407,CUST_0293,2022-12-22 18:57:33
TXN_1408,CUST_0385,2023-09-20 13:42:13
TXN_1409,CUST_0322,2022-08-30 16:43:41
TXN_1410,CUST_0343,2024-09-13 22:57:32
TXN_1411,CUST_0192,2023-07-15 00:09:25
TXN_1412,CUST_0655,2024-05-25 15:27:28
TXN_1413,CUST_0174,2024-08-02 12:52:04
TXN_1414,CUST_0717,2024-08-12 04:22:26
TXN_1415,CUST_0083,2022-09-10 11:51:23
TXN_1416,CUST_0073,2023-04-30 02:03:45
TXN_1417,CUST_0020,2024-05-10 06:07:06
TXN_1418,CUST_0025,2023-04-20 18:02:54
TXN_1419,CUST_0490,2024-07-17 15:52:59
TXN_1420,CUST_0978,2023-02-21 13:34:19
TXN_1421,CUST_0276,2023-05-14 00:48:16
TXN_1422,CUST_0665,2023-02-16 21:41:47
TXN_1423,CUST_0759,2022-11-24 12:04:44
TXN_1424,CUST_0264,2024-09-07 14:39:25
TXN_1425,CUST_0191,2024-07-29 03:57:36
TXN_1426,CUST_0447,2024-03-04 06:22:54
TXN_1427,CUST_0145,2022-09-06 09:42:42
TXN_1428,CUST_0693,2023-09-25 11:50:56
TXN_1429,CUST_0990,2024-06-26 15:03:28
TXN_1430,CUST_0975,2022-12-24 13:30:56
TXN_1431,CUST_0652,2023-01-18 15:34:41
TXN_1432,CUST_0757,2022-11-18 22:55:32
TXN_1433,CUST_0963,2022-08-31 21:30:53
TXN_1434,CUST_0443,2024-09-16 01:02:39
TXN_1435,CUST_0962,2024-03-09 19:52:37
TXN_1436,CUST_0870,2022-09-23 15:09:28
TXN_1437,CUST_0344,2023-10-15 22:14:31
TXN_1438,CUST_0729,2022-10-31 13:38:36
TXN_1439,CUST_0633,2023-01-10 02:45:07
TXN_1440,CUST_0426,2023-11-06 10:23:50
TXN_1441,CUST_0417,2023-11-28 05:35:47
TXN_1442,CUST_0637,2023-09-01 21:55:43
TXN_1443,CUST_0126,2023-11-19 06:14:47
TXN_1444,CUST_0626,2023-10-07 16:54:45
TXN_1445,CUST_0073,2022-09-01 22:35:11
TXN_1446,CUST_0809,2024-08-13 13:46:06
TXN_1447,CUST_0399,2023-02-08 07:32:22
TXN_1448,CUST_0126,2023-01-14 21:28:08
TXN_1449,CUST_0336,2024-07-30 18:16:33
TXN_1450,CUST_0031,2022-09-26 14:43:04
TXN_1451,CUST_0376,2023-03-31 08:16:36
TXN_1452,CUST_0443,2024-09-28 22:54:35
TXN_1453,CUST_0769,2023-09-29 18:47:56
TXN_1454,CUST_0509,2023-07-05 03:19:36
TXN_1455,CUST_0371,2024-06-14 17:29:22
TXN_1456,CUST_0179,2022-12-08 21:04:58
TXN_1457,CUST_0336,2023-07-31 17:47:07
TXN_1458,CUST_0628,2022-12-12 18:00:53
TXN_1459,CUST_0945,2023-10-24 01:06:58
TXN_1460,CUST_0493,2023-06-24 07:26:20
TXN_1461,CUST_0757,2023-10-19 03:37:57
TXN_1462,CUST_0201,2024-06-27 19:05:35
TXN_1463,CUST_0925,2022-09-17 02:58:21
TXN_1464,CUST_0518,2023-11-24 07:46:41
TXN_1465,CUST_0680,2023-11-15 11:58:21
TXN_1466,CUST_0818,2023-06-14 22:23:45
TXN_1467,CUST_0385,2023-10-02 05:53:57
TXN_1468,CUST_0023,2023-07-18 11:12:26
TXN_1469,CUST_0750,2024-04-25 20:42:03
TXN_1470,CUST_0937,2024-01-22 04:11:04
TXN_1471,CUST_0032,2022-11-01 10:16:23
TXN_1472,CUST_0035,2022-10-14 17:45:09
TXN_1473,CUST_0939,2023-12-05 06:58:31
TXN_1474,CUST_0242,2023-07-22 15:42:14
TXN_1475,CUST_0744,2023-02-24 06:57:23
TXN_1476,CUST_0776,2023-05-15 09:55:57
TXN_1477,CUST_0522,2023-08-01 18:08:46
TXN_1478,CUST_0032,2023-11-22 08:56:03
TXN_1479,CUST_0226,2023-10-10 21:38:52
TXN_1480,CUST_0714,2022-10-14 15:10:55
TXN_1481,CUST_0219,2023-12-21 19:26:37
TXN_1482,CUST_0534,2023-11-21 03:56:04
TXN_1483,CUST_0025,2023-12-10 13:08:05
TXN_1484,CUST_0824,2023-07-29 11:18:37
TXN_1485,CUST_0100,2022-11-14 19:45:23
TXN_1486,CUST_0352,2022-10-03 06:02:09
TXN_1487,CUST_0835,2024-06-22 12:52:58
TXN_1488,CUST_0454,2022-09-13 03:31:01
TXN_1489,CUST_0474,2023-09-12 20:44:34
TXN_1490,CUST_0434,2022-12-11 04:26:02
TXN_1491,CUST_0355,2023-10-07 10:44:13
TXN_1492,CUST_0299,2024-01-12 22:52:22
TXN_1493,CUST_0700,2022-09-28 02:32:02
TXN_1494,CUST_0791,2023-03-22 16:51:49
TXN_1495,CUST_0847,2024-01-06 23:19:03
TXN_1496,CUST_0909,2024-06-20 14:52:12
TXN_1497,CUST_0450,2023-02-23 11:29:59
TXN_1498,CUST_0616,2022-09-28 15:23:48
TXN_1499,CUST_0640,2023-05-06 14:56:14
TXN_1500,CUST_0227,2023-02-13 22:50:05
TXN_1501,CUST_0727,2022-12-13 12:42:03
TXN_1502,CUST_0375,2022-12-01 03:36:44
TXN_1503,CUST_0746,2023-09-20 00:46:52
TXN_1504,CUST_0479,2024-04-18 16:14:44
TXN_1505,CUST_0888,2023-03-28 18:16:19
TXN_1506,CUST_0222,2024-07-22 07:42:37
TXN_1507,CUST_0417,2023-04-18 16:24:15
TXN_1508,CUST_0648,2024-07-14 00:27:05
TXN_1509,CUST_0789,2024-04-20 08:24:26
TXN_1510,CUST_0084,2023-02-25 02:59:34
TXN_1511,CUST_0410,2024-07-08 11:28:18
TXN_1512,CUST_0866,2024-01-24 18:15:02
TXN_1513,CUST_0772,2023-01-30 08:21:15
TXN_1514,CUST_0276,2024-06-02 16:31:11
TXN_1515,CUST_0334,2023-07-01 14:07:44
TXN_1516,CUST_0858,2023-10-21 03:40:06
TXN_1517,CUST_0857,2022-11-16 02:57:51
TXN_1518,CUST_0934,2022-09-28 21:59:22
TXN_1519,CUST_0592,2024-08-12 02:06:39
TXN_1520,CUST_0093,2023-01-18 11:38:31
TXN_1521,CUST_0345,2024-05-15 21:09:49
TXN_1522,CUST_0667,2023-02-12 10:08:21
TXN_1523,CUST_0291,2022-12-09 20:30:06
TXN_1524,CUST_0186,2023-10-08 19:44:51
TXN_1525,CUST_0213,2023-12-04 07:51:27
TXN_1526,CUST_0948,2023-03-11 03:43:12
TXN_1527,CUST_0022,2022-09-13 23:23:37
TXN_1528,CUST_0215,2023-07-29 13:19:23
TXN_1529,CUST_0412,2024-06-16 23:32:14
TXN_1530,CUST_0010,2023-11-22 18:34:48
TXN_1531,CUST_0582,2023-05-31 23:00:00
TXN_1532,CUST_0503,2023-08-24 12:06:52
TXN_1533,CUST_0053,2022-12-03 01:28:33
TXN_1534,CUST_0367,2024-07-06 13:37:09
TXN_1535,CUST_0751,2023-12-11 03:13:55
TXN_1536,CUST_0767,2024-04-05 23:20:30
TXN_1537,CUST_0753,2024-09-20 08:10:32
TXN_1538,CUST_0124,2023-10-04 15:04:42
TXN_1539,CUST_0726,2024-06-27 14:58:09
TXN_1540,CUST_0290,2024-06-27 08:17:06
TXN_1541,CUST_0463,2023-09-30 13:00:24
TXN_1542,CUST_1000,2023-11-03 01:04:51
TXN_1543,CUST_0182,2024-02-26 23:10:19
TXN_1544,CUST_0277,2023-09-22 11:50:48
TXN_1545,CUST_0694,2024-07-25 06:39:06
TXN_1546,CUST_0367,2022-12-16 06:40:50
TXN_1547,CUST_0863,2023-05-22 07:26:33
TXN_1548,CUST_0341,2022-08-25 21:35:25
TXN_1549,CUST_0628,2023-05-14 17:47:46
TXN_1550,CUST_0543,2023-05-31 00:55:41
TXN_1551,CUST_0208,2022-11-01 19:19:35
TXN_1552,CUST_0497,2024-01-02 20:47:14
TXN_1553,CUST_0795,2024-08-24 21:58:00
TXN_1554,CUST_0406,2024-05-03 09:25:06
TXN_1555,CUST_0254,2023-02-17 19:08:17
TXN_1556,CUST_0271,2024-08-30 15:00:22
TXN_1557,CUST_0558,2023-06-19 08:56:51
TXN_1558,CUST_0864,2024-03-15 20:08:43
TXN_1559,CUST_0585,2022-11-23 21:06:45
TXN_1560,CUST_0127,2023-06-11 13:21:20
TXN_1561,CUST_0157,2024-05-16 13:14:11
TXN_1562,CUST_0266,2023-02-20 02:27:45
TXN_1563,CUST_0136,2024-07-29 18:49:12
TXN_1564,CUST_0375,2023-04-21 19:59:09
TXN_1565,CUST_0161,2022-09-01 23:30:54
TXN_1566,CUST_0105,2022-09-09 10:05:08
TXN_1567,CUST_0494,2023-07-27 22:22:57
TXN_1568,CUST_0972,2022-12-11 16:31:53
TXN_1569,CUST_0860,2024-05-29 06:02:20
TXN_1570,CUST_0638,2023-03-07 08:39:38
TXN_1571,CUST_0640,2022-08-31 11:42:04
TXN_1572,CUST_0620,2023-07-27 17:35:09
TXN_1573,CUST_0248,2023-07-29 15:00:00
TXN_1574,CUST_0691,2022-10-11 01:52:46
TXN_1575,CUST_0319,2023-12-06 18:10:54
TXN_1576,CUST_0612,2023-06-15 12:30:12
TXN_1577,CUST_0515,2024-07-04 12:33:56
TXN_1578,CUST_0245,2023-03-07 07:18:41
TXN_1579,CUST_0951,2023-06-25 06:42:24
TXN_1580,CUST_0714,2023-10-02 07:22:21
TXN_1581,CUST_0990,2023-04-30 21:24:24
TXN_1582,CUST_0668,2024-02-23 22:11:00
TXN_1583,CUST_0507,2022-08-05 23:47:12
TXN_1584,CUST_0574,2023-09-07 23:39:10
TXN_1585,CUST_0785,2023-08-29 00:40:15
TXN_1586,CUST_0306,2024-02-19 04:43:53
TXN_1587,CUST_0290,2024-04-07 12:30:59
TXN_1588,CUST_0901,2022-10-10 18:20:48
TXN_1589,CUST_0384,2023-10-17 23:17:56
TXN_1590,CUST_0791,2024-03-21 23:03:51
TXN_1591,CUST_0723,2024-08-11 21:18:28
TXN_1592,CUST_0753,2022-12-21 04:24:41
TXN_1593,CUST_0865,2024-06-17 16:31:05
TXN_1594,CUST_0198,2024-03-31 17:07:32
TXN_1595,CUST_0349,2024-04-28 16:19:00
TXN_1596,CUST_0472,2023-05-21 14:41:58
TXN_1597,CUST_0974,2024-04-10 20:29:16
TXN_1598,CUST_0985,2022-11-21 19:52:17
TXN_1599,CUST_0404,2024-03-02 16:53:48
TXN_1600,CUST_0617,2023-03-26 01:44:32
TXN_1601,CUST_0385,2023-05-25 05:31:31
TXN_1602,CUST_0104,2022-10-06 03:25:30
TXN_1603,CUST_0896,2023-02-08 12:31:20
TXN_1604,CUST_0038,2023-07-06 02:45:20
TXN_1605,CUST_0840,2022-10-20 16:32:37
TXN_1606,CUST_0571,2024-08-14 04:39:39
TXN_1607,CUST_0702,2024-05-12 18:18:59
TXN_1608,CUST_0735,2023-09-26 05:55:58
TXN_1609,CUST_0733,2022-08-25 19:41:41
TXN_1610,CUST_0615,2024-04-12 15:56:12
TXN_1611,CUST_0176,2024-08-20 15:56:46
TXN_1612,CUST_0225,2024-06-06 12:26:38
TXN_1613,CUST_0863,2023-08-03 08:58:21
TXN_1614,CUST_0772,2022-09-22 23:21:55
TXN_1615,CUST_0665,2024-05-19 16:47:05
TXN_1616,CUST_0161,2024-09-21 20:56:47
TXN_1617,CUST_0083,2024-03-21 18:21:32
TXN_1618,CUST_0613,2024-05-09 06:18:06
TXN_1619,CUST_0464,2023-02-01 07:30:39
TXN_1620,CUST_0299,2022-08-04 03:24:26
TXN_1621,CUST_0179,2022-11-28 14:29:44
TXN_1622,CUST_0453,2023-04-26 04:53:40
TXN_1623,CUST_0051,2023-12-10 01:02:56
TXN_1624,CUST_0663,2024-05-08 10:29:35
TXN_1625,CUST_0622,2023-05-02 08:03:23
TXN_1626,CUST_0947,2022-11-08 22:24:18
TXN_1627,CUST_0400,2023-02-19 23:31:04
TXN_1628,CUST_0090,2024-09-21 05:56:44
TXN_1629,CUST_0647,2023-10-09 13:27:06
TXN_1630,CUST_0249,2022-08-13 01:49:48
TXN_1631,CUST_0796,2023-01-19 08:53:51
TXN_1632,CUST_0196,2022-08-28 00:41:32
TXN_1633,CUST_0453,2022-10-26 03:12:40
TXN_1634,CUST_0618,2024-03-04 11:56:04
TXN_1635,CUST_0567,2023-07-19 11:11:40
TXN_1636,CUST_0906,2022-10-08 03:55:59
TXN_1637,CUST_0505,2024-04-19 03:58:15
TXN_1638,CUST_0491,2024-04-29 21:25:46
TXN_1639,CUST_0115,2023-05-16 09:56:37
TXN_1640,CUST_0214,2024-06-12 00:46:47
TXN_1641,CUST_0945,2023-01-08 23:09:42
TXN_1642,CUST_0264,2024-07-31 07:36:20
TXN_1643,CUST_0687,2023-07-22 10:53:30
TXN_1644,CUST_0626,2024-05-23 04:27:26
TXN_1645,CUST_0695,2023-07-13 11:25:57
TXN_1646,CUST_0272,2023-03-06 18:33:46
TXN_1647,CUST_0870,2024-01-04 16:13:56
TXN_1648,CUST_0989,2022-10-20 11:25:54
TXN_1649,CUST_0129,2023-03-07 08:51:43
TXN_1650,CUST_0577,2023-01-11 03:22:29
TXN_1651,CUST_0817,2024-03-28 15:49:41
TXN_1652,CUST_0444,2022-10-18 17:55:58
TXN_1653,CUST_0176,2024-08-07 01:29:43
TXN_1654,CUST_0466,2022-09-05 22:46:17
TXN_1655,CUST_0960,2023-06-25 10:38:46
TXN_1656,CUST_0388,2024-07-11 21:27:16
TXN_1657,CUST_0451,2022-09-08 04:50:42
TXN_1658,CUST_0081,2024-02-28 07:50:44
TXN_1659,CUST_0836,2023-12-18 06:03:49
TXN_1660,CUST_0526,2024-05-12 07:08:14
TXN_1661,CUST_0312,2023-04-01 11:56:52
TXN_1662,CUST_0693,2023-12-22 08:36:12
TXN_1663,CUST_0407,2022-09-10 17:51:40
TXN_1664,CUST_0108,2024-09-12 18:39:23
TXN_1665,CUST_0756,2023-09-14 10:03:10
TXN_1666,CUST_0386,2024-01-10 10:05:28
TXN_1667,CUST_0189,2024-08-23 04:49:15
TXN_1668,CUST_0280,2023-02-27 16:42:52
TXN_1669,CUST_0112,2023-07-18 12:11:02
TXN_1670,CUST_0050,2023-11-23 12:48:42
TXN_1671,CUST_0577,2023-06-07 04:22:46
TXN_1672,CUST_0904,2024-01-10 18:01:35
TXN_1673,CUST_0319,2024-03-13 03:41:33
TXN_1674,CUST_0551,2023-04-25 22:07:25
TXN_1675,CUST_0880,2023-05-24 19:47:50
TXN_1676,CUST_0217,2023-07-06 01:42:37
TXN_1677,CUST_0836,2022-09-14 06:38:48
TXN_1678,CUST_0657,2023-11-29 00:25:59
TXN_1679,CUST_0023,2023-10-19 11:07:06
TXN_1680,CUST_0916,2023-05-07 10:50:01
TXN_1681,CUST_0128,2024-05-08 16:54:16
TXN_1682,CUST_0233,2022-10-13 19:52:48
TXN_1683,CUST_0274,2024-02-07 23:14:21
TXN_1684,CUST_0090,2024-05-01 20:16:47
TXN_1685,CUST_0404,2023-08-17 20:42:30
TXN_1686,CUST_0117,2022-11-20 10:14:16
TXN_1687,CUST_0446,2023-10-26 21:35:55
TXN_1688,CUST_0159,2023-10-29 22:57:32
TXN_1689,CUST_0239,2024-02-09 11:10:28
TXN_1690,CUST_0321,2023-10-12 04:34:18
TXN_1691,CUST_0178,2023-08-31 17:13:38
TXN_1692,CUST_0337,2022-08-04 14:15:18
TXN_1693,CUST_0323,2024-05-29 00:54:52
TXN_1694,CUST_0620,2023-08-20 06:17:33
TXN_1695,CUST_0887,2023-11-24 14:02:43
TXN_1696,CUST_0945,2022-08-05 00:58:14
TXN_1697,CUST_0981,2023-11-28 10:52:35
TXN_1698,CUST_0917,2024-05-08 07:37:01
TXN_1699,CUST_0489,2023-05-07 08:34:52
TXN_1700,CUST_0397,2023-08-09 00:52:48
TXN_1701,CUST_0716,2024-06-28 02:42:47
TXN_1702,CUST_0306,2024-07-11 09:09:45
TXN_1703,CUST_0839,2023-05-10 00:05:54
TXN_1704,CUST_0805,2023-03-09 03:48:14
TXN_1705,CUST_0311,2023-02-17 10:04:23
TXN_1706,CUST_0642,2023-10-03 09:00:31
TXN_1707,CUST_0877,2024-02-23 01:10:48
TXN_1708,CUST_0796,2024-09-06 14:29:02
TXN_1709,CUST_0595,2024-04-24 13:23:25
TXN_1710,CUST_0444,2022-09-18 02:37:34
TXN_1711,CUST_0865,2022-12-26 06:26:24
TXN_1712,CUST_0244,2024-07-17 04:26:07
TXN_1713,CUST_0231,2023-04-17 03:19:33
TXN_1714,CUST_0335,2023-11-05 23:51:10
TXN_1715,CUST_0958,2024-07-24 05:30:48
TXN_1716,CUST_0795,2023-05-08 02:29:00
TXN_1717,CUST_0657,2023-02-04 12:22:59
TXN_1718,CUST_0326,2023-03-16 10:51:40
TXN_1719,CUST_0367,2022-12-07 05:02:51
TXN_1720,CUST_0850,2023-06-01 13:42:20
TXN_1721,CUST_0204,2023-11-21 16:09:37
TXN_1722,CUST_0093,2022-11-15 10:23:37
TXN_1723,CUST_0962,2024-04-23 20:46:32
TXN_1724,CUST_0625,2024-05-30 05:59:22
TXN_1725,CUST_0265,2023-11-27 16:13:15
TXN_1726,CUST_0220,2022-08-02 23:09:44
TXN_1727,CUST_0500,2023-12-08 14:37:47
TXN_1728,CUST_0307,2024-08-20 16:41:09
TXN_1729,CUST_0152,2023-12-14 23:06:08
TXN_1730,CUST_0210,2024-07-28 00:53:51
TXN_1731,CUST_0542,2024-03-02 02:58:16
TXN_1732,CUST_0368,2023-01-25 22:00:50
TXN_1733,CUST_0964,2023-08-01 13:17:12
TXN_1734,CUST_0326,2022-12-10 18:23:09
TXN_1735,CUST_0957,2022-12-01 01:23:01
TXN_1736,CUST_0215,2023-08-28 17:16:34
TXN_1737,CUST_0570,2022-09-12 21:43:58
TXN_1738,CUST_0438,2024-03-10 06:54:28
TXN_1739,CUST_0220,2023-12-19 10:10:08
TXN_1740,CUST_0594,2023-03-26 12:44:50
TXN_1741,CUST_0268,2024-08-19 19:27:55
TXN_1742,CUST_0612,2024-08-27 02:30:32
TXN_1743,CUST_0883,2024-05-18 20:24:55
TXN_1744,CUST_0886,2022-11-17 23:43:09
TXN_1745,CUST_0599,2023-01-09 01:52:51
TXN_1746,CUST_0886,2024-04-05 17:59:30
TXN_1747,CUST_0336,2023-04-13 14:17:17
TXN_1748,CUST_0910,2023-06-10 12:50:15
TXN_1749,CUST_0205,2023-09-17 03:39:07
TXN_1750,CUST_0170,2024-01-18 11:39:04
TXN_1751,CUST_0733,2023-04-27 01:00:55
TXN_1752,CUST_0564,2023-02-25 09:13:00
TXN_1753,CUST_0718,2023-05-02 13:30:36
TXN_1754,CUST_0699,2023-04-16 09:55:56
TXN_1755,CUST_0415,2023-03-27 20:52:40
TXN_1756,CUST_0764,2023-11-11 10:07:16
TXN_1757,CUST_0494,2024-05-10 04:01:50
TXN_1758,CUST_0802,2024-07-22 18:27:21
TXN_1759,CUST_0539,2023-06-25 12:34:16
TXN_1760,CUST_0192,2023-09-29 12:06:15
TXN_1761,CUST_0727,2023-02-07 21:33:55
TXN_1762,CUST_0300,2023-03-02 09:44:58
TXN_1763,CUST_0717,2023-11-06 22:30:16
TXN_1764,CUST_0764,2024-08-20 22:02:13
TXN_1765,CUST_0447,2024-01-11 10:27:48
TXN_1766,CUST_0674,2023-09-10 00:21:04
TXN_1767,CUST_0419,2023-03-18 11:55:01
TXN_1768,CUST_0827,2023-03-29 20:02:24
TXN_1769,CUST_0271,2024-01-20 08:53:49
TXN_1770,CUST_0853,2024-02-24 09:28:24
TXN_1771,CUST_0193,2024-03-02 19:32:46
TXN_1772,CUST_0144,2023-10-21 04:32:59
TXN_1773,CUST_0752,2022-08-03 16:06:12
TXN_1774,CUST_0313,2024-09-26 14:32:25
TXN_1775,CUST_0367,2023-01-08 20:06:54
TXN_1776,CUST_0358,2024-02-20 16:45:58
TXN_1777,CUST_0060,2023-08-28 15:08:20
TXN_1778,CUST_0312,2024-03-15 11:33:58
TXN_1779,CUST_0882,2022-10-04 10:48:36
TXN_1780,CUST_0744,2023-03-22 23:11:05
TXN_1781,CUST_0016,2022-08-22 16:14:59
TXN_1782,CUST_0642,2023-03-04 20:48:10
TXN_1783,CUST_0897,2023-05-16 22:37:50
TXN_1784,CUST_0846,2023-10-12 03:09:00
TXN_1785,CUST_0629,2022-11-30 19:12:09
TXN_1786,CUST_0291,2023-01-02 21:46:32
TXN_1787,CUST_0044,2023-05-19 10:53:50
TXN_1788,CUST_0655,2023-09-17 09:12:17
TXN_1789,CUST_0864,2023-06-30 11:14:58
TXN_1790,CUST_0447,2023-05-24 05:05:16
TXN_1791,CUST_0819,2023-12-28 20:17:44
TXN_1792,CUST_0461,2024-03-11 18:54:14
TXN_1793,CUST_0507,2024-01-28 06:02:52
TXN_1794,CUST_0225,2024-09-15 15:02:32
TXN_1795,CUST_0735,2024-09-15 08:55:52
TXN_1796,CUST_0789,2023-03-09 06:16:55
TXN_1797,CUST_0498,2024-01-16 16:49:13
TXN_1798,CUST_0884,2024-06-19 23:42:26
TXN_1799,CUST_0578,2023-08-28 00:01:29
TXN_1800,CUST_0999,2024-04-15 02:56:02
TXN_1801,CUST_0708,2022-10-08 19:13:41
TXN_1802,CUST_0752,2023-08-02 07:09:45
TXN_1803,CUST_0349,2023-04-14 16:41:52
TXN_1804,CUST_0605,2024-05-02 13:35:43
TXN_1805,CUST_0901,2023-04-22 19:12:53
TXN_1806,CUST_0723,2024-05-05 20:44:42
TXN_1807,CUST_0182,2024-02-17 17:15:51
TXN_1808,CUST_0656,2023-08-27 07:32:33
TXN_1809,CUST_0482,2023-08-07 15:26:36
TXN_1810,CUST_0361,2024-03-02 01:26:50
TXN_1811,CUST_0171,2024-03-10 19:01:12
TXN_1812,CUST_0432,2023-02-11 02:18:15
TXN_1813,CUST_0780,2023-07-08 09:32:41
TXN_1814,CUST_0112,2022-08-16 23:21:33
TXN_1815,CUST_0176,2024-04-21 00:25:45
TXN_1816,CUST_0903,2022-11-22 20:43:08
TXN_1817,CUST_0235,2022-08-29 07:37:28
TXN_1818,CUST_0377,2024-09-30 10:22:26
TXN_1819,CUST_0068,2023-04-29 03:48:47
TXN_1820,CUST_0450,2022-09-11 06:16:52
TXN_1821,CUST_0380,2023-04-04 11:39:21
TXN_1822,CUST_0063,2022-10-08 08:31:45
TXN_1823,CUST_0054,2023-04-16 01:22:25
TXN_1824,CUST_0734,2023-01-22 14:22:39
TXN_1825,CUST_0840,2023-08-28 14:11:43
TXN_1826,CUST_0637,2024-04-17 22:19:07
TXN_1827,CUST_0104,2023-12-17 13:20:17
TXN_1828,CUST_0611,2022-12-28 15:09:45
TXN_1829,CUST_0695,2024-07-27 17:05:42
TXN_1830,CUST_0284,2022-12-07 00:31:03
TXN_1831,CUST_0670,2023-07-23 22:02:53
TXN_1832,CUST_0490,2024-06-23 12:34:44
TXN_1833,CUST_0823,2023-10-22 19:20:51
TXN_1834,CUST_0678,2022-08-30 12:44:19
TXN_1835,CUST_0997,2023-02-02 00:52:25
TXN_1836,CUST_0099,2023-03-06 17:47:07
TXN_1837,CUST_0754,2023-09-06 05:24:47
TXN_1838,CUST_0205,2022-09-20 05:55:38
TXN_1839,CUST_0549,2023-03-24 11:22:40
TXN_1840,CUST_0930,2022-12-27 10:16:46
TXN_1841,CUST_0366,2023-11-08 00:15:29
TXN_1842,CUST_0846,2023-07-08 04:17:58
TXN_1843,CUST_0908,2022-11-17 04:47:00
TXN_1844,CUST_0923,2023-08-01 22:25:43
TXN_1845,CUST_0094,2023-09-26 02:01:21
TXN_1846,CUST_0008,2023-11-28 06:31:14
TXN_1847,CUST_0186,2023-05-01 09:57:45
TXN_1848,CUST_0976,2023-02-14 15:09:20
TXN_1849,CUST_0077,2024-03-08 03:15:18
TXN_1850,CUST_0423,2024-07-19 06:09:04
TXN_1851,CUST_0954,2024-04-10 01:24:25
TXN_1852,CUST_0218,2023-10-24 17:51:26
TXN_1853,CUST_0487,2023-07-19 15:10:02
TXN_1854,CUST_0450,2023-04-06 18:42:26
TXN_1855,CUST_0728,2024-03-13 17:27:27
TXN_1856,CUST_0793,2024-02-08 03:42:31
TXN_1857,CUST_0129,2023-07-24 05:10:06
TXN_1858,CUST_0516,2023-05-02 21:43:54
TXN_1859,CUST_0108,2024-08-17 20:58:29
TXN_1860,CUST_0949,2023-03-03 13:25:05
TXN_1861,CUST_0703,2023-08-23 07:00:39
TXN_1862,CUST_0441,2023-04-21 22:24:16
TXN_1863,CUST_0405,2023-01-06 08:11:04
TXN_1864,CUST_0719,2023-06-14 01:13:05
TXN_1865,CUST_0294,2022-12-04 17:35:33
TXN_1866,CUST_0924,2024-09-12 12:36:34
TXN_1867,CUST_0297,2022-12-27 04:36:07
TXN_1868,CUST_0926,2024-03-21 03:21:19
TXN_1869,CUST_0453,2022-08-10 10:40:26
TXN_1870,CUST_0397,2022-09-26 05:11:05
TXN_1871,CUST_0447,2022-10-24 11:52:09
TXN_1872,CUST_0536,2023-11-08 20:12:55
TXN_1873,CUST_0979,2022-10-05 02:39:39
TXN_1874,CUST_0407,2022-08-07 12:44:57
TXN_1875,CUST_0664,2023-07-04 16:31:34
TXN_1876,CUST_0823,2023-10-22 19:37:12
TXN_1877,CUST_0661,2024-03-17 18:20:32
TXN_1878,CUST_0222,2023-03-23 13:40:43
TXN_1879,CUST_0791,2024-01-08 22:57:57
TXN_1880,CUST_0424,2023-04-22 00:43:39
TXN_1881,CUST_0298,2023-05-23 04:22:47
TXN_1882,CUST_0927,2023-11-07 16:30:22
TXN_1883,CUST_0642,2022-10-06 23:24:47
TXN_1884,CUST_0968,2024-05-09 19:31:59
TXN_1885,CUST_0755,2023-01-07 18:42:00
TXN_1886,CUST_0205,2024-07-30 10:36:13
TXN_1887,CUST_0549,2024-04-04 16:46:23
TXN_1888,CUST_0525,2024-04-30 07:25:40
TXN_1889,CUST_0345,2023-03-17 05:02:45
TXN_1890,CUST_0295,2024-09-20 06:40:50
TXN_1891,CUST_0705,2024-10-05 19:52:56
TXN_1892,CUST_0518,2024-06-13 03:15:38
TXN_1893,CUST_0901,2023-09-28 22:10:16
TXN_1894,CUST_0434,2024-05-09 10:40:46
TXN_1895,CUST_0776,2023-05-28 17:51:08
TXN_1896,CUST_0662,2023-07-10 16:16:54
TXN_1897,CUST_0197,2023-08-23 06:25:29
TXN_1898,CUST_0397,2023-02-15 06:32:10
TXN_1899,CUST_0865,2022-10-30 17:28:27
TXN_1900,CUST_0524,2022-11-08 21:24:04
TXN_1901,CUST_0215,2024-07-25 21:35:54
TXN_1902,CUST_0319,2023-10-06 21:18:04
TXN_1903,CUST_0548,2023-01-29 11:14:28
TXN_1904,CUST_0207,2024-06-08 18:20:54
TXN_1905,CUST_0574,2023-02-05 23:45:55
TXN_1906,CUST_0119,2024-08-05 17:52:14
TXN_1907,CUST_0899,2024-07-30 06:28:27
TXN_1908,CUST_0923,2023-12-13 16:09:48
TXN_1909,CUST_0520,2024-06-08 23:07:18
TXN_1910,CUST_0177,2024-02-23 07:18:46
TXN_1911,CUST_0232,2023-09-07 13:27:37
TXN_1912,CUST_0952,2023-07-27 21:48:04
TXN_1913,CUST_0241,2023-11-20 17:04:59
TXN_1914,CUST_0055,2023-07-31 06:56:35
TXN_1915,CUST_0865,2024-02-08 03:54:23
TXN_1916,CUST_0648,2023-12-19 02:47:55
TXN_1917,CUST_0398,2022-09-10 06:20:11
TXN_1918,CUST_0466,2023-07-17 23:10:33
TXN_1919,CUST_0456,2023-06-06 08:29:49
TXN_1920,CUST_0654,2023-04-26 17:10:10
TXN_1921,CUST_0817,2023-12-18 09:44:51
TXN_1922,CUST_0385,2023-03-14 15:43:17
TXN_1923,CUST_0109,2023-03-29 21:07:49
TXN_1924,CUST_0360,2023-05-20 12:19:14
TXN_1925,CUST_0006,2023-10-24 04:24:48
TXN_1926,CUST_0498,2023-04-24 03:37:29
TXN_1927,CUST_0680,2023-04-24 19:35:17
TXN_1928,CUST_0511,2024-10-05 18:35:58
TXN_1929,CUST_0671,2023-10-31 07:41:08
TXN_1930,CUST_0015,2024-04-02 21:52:52
TXN_1931,CUST_0198,2024-06-18 18:17:00
TXN_1932,CUST_0317,2023-03-24 06:30:32
TXN_1933,CUST_0804,2024-03-10 16:45:36
TXN_1934,CUST_0761,2024-04-04 07:52:15
TXN_1935,CUST_0021,2023-07-09 01:21:52
TXN_1936,CUST_0667,2022-10-11 12:20:03
TXN_1937,CUST_0607,2023-10-05 09:49:27
TXN_1938,CUST_0068,2023-06-12 09:07:22
TXN_1939,CUST_0682,2023-02-26 17:04:17
TXN_1940,CUST_0984,2023-03-08 13:09:33
TXN_1941,CUST_0087,2023-03-26 14:34:59
TXN_1942,CUST_0719,2024-06-14 12:45:05
TXN_1943,CUST_0810,2024-08-13 20:23:38
TXN_1944,CUST_0522,2022-10-10 00:03:13
TXN_1945,CUST_0434,2023-12-27 23:57:39
TXN_1946,CUST_0773,2022-10-19 17:59:20
TXN_1947,CUST_0395,2024-04-22 14:34:34
TXN_1948,CUST_0673,2023-04-22 18:22:28
TXN_1949,CUST_0367,2024-03-29 05:22:49
TXN_1950,CUST_0348,2024-01-11 01:44:29
TXN_1951,CUST_0286,2024-02-22 06:05:17
TXN_1952,CUST_0408,2023-09-19 06:49:57
TXN_1953,CUST_0242,2023-05-18 21:53:32
TXN_1954,CUST_0325,2024-03-05 09:11:28
TXN_1955,CUST_0410,2023-01-19 04:09:18
TXN_1956,CUST_0278,2022-10-06 18:51:12
TXN_1957,CUST_0518,2023-11-17 08:29:15
TXN_1958,CUST_0428,2024-02-13 14:50:04
TXN_1959,CUST_0910,2023-06-16 15:16:46
TXN_1960,CUST_0069,2022-08-23 22:11:06
TXN_1961,CUST_0615,2023-02-21 12:05:46
TXN_1962,CUST_0640,2023-04-24 16:00:54
TXN_1963,CUST_0977,2024-09-17 22:59:50
TXN_1964,CUST_0379,2024-05-03 03:24:22
TXN_1965,CUST_0591,2024-09-12 18:04:38
TXN_1966,CUST_0945,2023-06-10 13:03:04
TXN_1967,CUST_0045,2024-02-27 15:04:38
TXN_1968,CUST_0906,2023-11-07 01:01:27
TXN_1969,CUST_0320,2024-04-29 22:17:16
TXN_1970,CUST_0079,2024-04-04 08:44:09
TXN_1971,CUST_0031,2022-12-14 11:03:01
TXN_1972,CUST_0079,2023-12-31 04:28:29
TXN_1973,CUST_0785,2022-08-04 11:59:06
TXN_1974,CUST_0470,2023-04-29 15:13:59
TXN_1975,CUST_0384,2023-11-26 07:07:20
TXN_1976,CUST_0183,2024-03-11 23:14:08
TXN_1977,CUST_1000,2023-03-19 16:47:45
TXN_1978,CUST_0060,2022-08-20 06:10:38
TXN_1979,CUST_0128,2022-12-08 21:24:44
TXN_1980,CUST_0287,2023-06-09 20:35:04
TXN_1981,CUST_0548,2024-06-17 01:49:13
TXN_1982,CUST_0250,2023-10-17 20:16:30
TXN_1983,CUST_0150,2023-03-27 19:03:09
TXN_1984,CUST_0209,2024-03-20 10:37:07
TXN_1985,CUST_0842,2022-08-03 19:38:44
TXN_1986,CUST_0803,2023-03-23 15:47:59
TXN_1987,CUST_0421,2022-09-30 10:37:54
TXN_1988,CUST_0228,2023-12-15 14:50:44
TXN_1989,CUST_0836,2023-07-09 17:13:01
TXN_1990,CUST_0699,2023-09-08 16:45:57
TXN_1991,CUST_0620,2022-12-14 15:56:45
TXN_1992,CUST_0431,2023-11-20 06:19:50
TXN_1993,CUST_0882,2023-05-22 04:08:26
TXN_1994,CUST_0030,2023-02-02 06:18:34
TXN_1995,CUST_0845,2023-03-22 11:32:34
TXN_1996,CUST_0677,2023-08-10 04:20:22
TXN_1997,CUST_0792,2022-12-21 08:08:33
TXN_1998,CUST_0189,2023-08-19 17:56:45
TXN_1999,CUST_0913,2024-08-26 23:48:09
TXN_2000,CUST_0977,2024-02-27 18:37:13
